{
    "trial": [
        16
    ],
    "batch_size": [
        64
    ],
    "optimizer": [
        "Adam"
    ],
    "learning rate": [
        0.00015956803281563114
    ],
    "patience": [
        10
    ],
    "weight_decay": [
        0.00017430742374334966
    ],
    "p_hflip": [
        0.7571266381119074
    ],
    "p_crop": [
        0.328142910772268
    ],
    "momentum": [
        0.8115708474125207
    ],
    "drop_rate": [
        0.5659547396640631,
        0.5658357428439934,
        0.28689753963268366,
        0.10025381616064853
    ],
    "epochs": [
        1,
        2,
        3
    ],
    "train_loss": [
        1.8943194894047526,
        1.8371263661941926,
        1.8179090459625442
    ],
    "val_loss": [
        1.8590513224504432,
        1.8463230230370347,
        1.8368971664078382
    ],
    "test_accuracy": [
        29.350649350649352,
        31.785714285714285,
        31.785714285714285
    ]
}