{
    "trial": [
        35
    ],
    "batch_size": [
        64
    ],
    "optimizer": [
        "SGD"
    ],
    "learning rate": [
        5.634356756482508e-05
    ],
    "patience": [
        10
    ],
    "weight_decay": [
        5.648087581504455e-05
    ],
    "p_hflip": [
        0.7935483730660983
    ],
    "p_crop": [
        0.21519016881233977
    ],
    "momentum": [
        0.6496299142636268
    ],
    "drop_rate": [
        0.3687147244516086,
        0.19488754034451802,
        0.6987014518815621,
        0.27354851486702797
    ],
    "epochs": [
        1
    ],
    "train_loss": [
        1.9570620025907244
    ],
    "val_loss": [
        1.9459105048860823
    ],
    "test_accuracy": [
        15.454545454545455
    ]
}