{
    "trial": [
        20
    ],
    "batch_size": [
        64
    ],
    "optimizer": [
        "Adam"
    ],
    "learning rate": [
        0.0876963814800781
    ],
    "patience": [
        10
    ],
    "weight_decay": [
        5.3372751587071506e-05
    ],
    "p_hflip": [
        0.35486581649382976
    ],
    "p_crop": [
        0.2813725216704192
    ],
    "momentum": [
        0.9777299629381924
    ],
    "drop_rate": [
        0.25932635942036597,
        0.38265256198656644,
        0.12243594512457509,
        0.19039739536993316
    ],
    "epochs": [
        1
    ],
    "train_loss": [
        1.9317742270308655
    ],
    "val_loss": [
        2.0292607740480073
    ],
    "test_accuracy": [
        14.35064935064935
    ]
}