{
    "trial": [
        19
    ],
    "batch_size": [
        64
    ],
    "optimizer": [
        "Adam"
    ],
    "learning rate": [
        0.0002951717997695381
    ],
    "patience": [
        10
    ],
    "weight_decay": [
        1.4338384667345005e-05
    ],
    "p_hflip": [
        0.6458328342716166
    ],
    "p_crop": [
        0.48215394137201356
    ],
    "momentum": [
        0.5596974117401672
    ],
    "drop_rate": [
        0.3217240790649679,
        0.5234984106125107,
        0.28748795382903203,
        0.2663308935932006
    ],
    "epochs": [
        1,
        2,
        3,
        4,
        5,
        6,
        7
    ],
    "train_loss": [
        1.868315391726308,
        1.8287289805226512,
        1.8135896326659562,
        1.802105121488695,
        1.7938527150587602,
        1.7814274119092273,
        1.7734785296700217
    ],
    "val_loss": [
        1.8550028192753694,
        1.837091798685035,
        1.814794761793954,
        1.8122405543619273,
        1.8172324141677545,
        1.7962813134096107,
        1.8152395000263137
    ],
    "test_accuracy": [
        29.48051948051948,
        32.5,
        34.642857142857146,
        32.4025974025974,
        33.14935064935065,
        36.103896103896105,
        34.642857142857146
    ]
}