{
    "trial": [
        1
    ],
    "batch_size": [
        64
    ],
    "optimizer": [
        "RMSprop"
    ],
    "learning rate": [
        0.0012977889918256839
    ],
    "patience": [
        10
    ],
    "weight_decay": [
        6.978524923090086e-06
    ],
    "p_hflip": [
        0.16339766667647093
    ],
    "p_crop": [
        0.13953572510379952
    ],
    "momentum": [
        0.7235835728805441
    ],
    "drop_rate": [
        0.19200433703932374,
        0.10857576563648291,
        0.5067684313660772,
        0.6392750441311228
    ],
    "epochs": [
        1,
        2,
        3,
        4,
        5,
        6,
        7,
        8,
        9,
        10,
        11,
        12,
        13,
        14,
        15,
        16,
        17,
        18,
        19,
        20,
        21,
        22,
        23,
        24,
        25,
        26,
        27,
        28,
        29,
        30,
        31,
        32,
        33,
        34,
        35,
        36,
        37,
        38,
        39,
        40,
        41,
        42,
        43,
        44,
        45,
        46,
        47,
        48,
        49,
        50,
        51,
        52,
        53,
        54,
        55
    ],
    "train_loss": [
        1.8856486091366063,
        1.870087049843429,
        1.8584226899332814,
        1.844570211621074,
        1.8335879842956344,
        1.8281080462715842,
        1.822334901078955,
        1.8196214202162508,
        1.8131705869327892,
        1.808133957602761,
        1.7995099222505246,
        1.7933776923588345,
        1.7875733121649011,
        1.7857386087442373,
        1.779725144435833,
        1.774217084475926,
        1.769236318167154,
        1.7648310367163125,
        1.7587463784527468,
        1.7569470337459019,
        1.7511585616446161,
        1.7480719758318617,
        1.7434564841258062,
        1.7380690138061325,
        1.730785702110885,
        1.7274044108081175,
        1.7262290028782634,
        1.7252658686080535,
        1.7226711505419248,
        1.7140736756386694,
        1.7134387610794661,
        1.7079394337418792,
        1.7049895106972037,
        1.6983704313055261,
        1.6973596362324503,
        1.694642117425993,
        1.692857033556158,
        1.6888703228591324,
        1.6806727907874368,
        1.6790745834251504,
        1.676340870733385,
        1.670809083789974,
        1.6682806011918303,
        1.6686620216865045,
        1.6589584480632436,
        1.6570622493694356,
        1.660807202388714,
        1.6527247577518611,
        1.6535339386432202,
        1.6453488854618816,
        1.643595999247068,
        1.6346019014135584,
        1.6295064368805328,
        1.6290377403234506,
        1.6313421682877973
    ],
    "val_loss": [
        1.9656920627671846,
        1.8635024951428782,
        1.84747145127277,
        1.8616235767092024,
        1.85778153429226,
        1.8508714340171035,
        1.8282686812537057,
        1.8530139801453571,
        1.8187399883659519,
        1.8321636793564777,
        1.8143088768939584,
        1.8154965493143822,
        1.807979177455513,
        1.8052964916034622,
        1.800973960331508,
        1.7872706432731784,
        1.7945389358364805,
        1.7951471075719716,
        1.8105650969914027,
        1.7895182444124806,
        1.7695836728932905,
        1.7795034768630047,
        1.7880497149058752,
        1.7655634563796374,
        1.768683569771903,
        1.7715661477069466,
        1.7776642916153889,
        1.7739382617327633,
        1.7747998699849965,
        1.7515352429175863,
        1.786623443875994,
        1.7616463218416487,
        1.7659709429254338,
        1.759163737297058,
        1.750186384940634,
        1.7599025502496837,
        1.7601812737328666,
        1.7497423206056868,
        1.7559436754304536,
        1.7674607160140057,
        1.7718897133457416,
        1.753581896120188,
        1.7656617188940242,
        1.7623569016553917,
        1.7328380492268776,
        1.7543224947793143,
        1.745624624952978,
        1.7396276191789277,
        1.775351650860845,
        1.746649413692708,
        1.7470935996697874,
        1.7492028426150887,
        1.7586511276206191,
        1.7652897567165142,
        1.748875311442784
    ],
    "test_accuracy": [
        17.4025974025974,
        27.435064935064936,
        28.863636363636363,
        28.344155844155843,
        27.954545454545453,
        29.805194805194805,
        30.162337662337663,
        28.149350649350648,
        33.76623376623377,
        30.876623376623378,
        33.08441558441559,
        33.603896103896105,
        34.188311688311686,
        34.54545454545455,
        33.96103896103896,
        36.55844155844156,
        35.97402597402598,
        36.62337662337662,
        34.22077922077922,
        37.467532467532465,
        39.05844155844156,
        36.883116883116884,
        35.1948051948052,
        38.506493506493506,
        37.824675324675326,
        38.506493506493506,
        38.96103896103896,
        39.31818181818182,
        38.92857142857143,
        40.51948051948052,
        36.81818181818182,
        39.577922077922075,
        40.064935064935064,
        41.23376623376623,
        40.45454545454545,
        39.70779220779221,
        40.29220779220779,
        41.46103896103896,
        39.09090909090909,
        39.935064935064936,
        39.51298701298701,
        41.298701298701296,
        39.61038961038961,
        41.03896103896104,
        41.46103896103896,
        40.87662337662338,
        40.0974025974026,
        40.25974025974026,
        38.246753246753244,
        41.42857142857143,
        40.55194805194805,
        41.36363636363637,
        40.48701298701299,
        38.53896103896104,
        40.0974025974026
    ]
}