{
    "trial": [
        34
    ],
    "batch_size": [
        64
    ],
    "optimizer": [
        "Adam"
    ],
    "learning rate": [
        0.00032137682285815364
    ],
    "patience": [
        10
    ],
    "weight_decay": [
        7.553870105026836e-06
    ],
    "p_hflip": [
        0.5597415505598872
    ],
    "p_crop": [
        0.1302227255583551
    ],
    "momentum": [
        0.5285002813798625
    ],
    "drop_rate": [
        0.4839773144779286,
        0.5991055238655564,
        0.38882419068176455,
        0.2149841901652752
    ],
    "epochs": [
        1
    ],
    "train_loss": [
        1.8828479859736058
    ],
    "val_loss": [
        1.874862011598081
    ],
    "test_accuracy": [
        27.792207792207794
    ]
}