{
    "trial": [
        0
    ],
    "batch_size": [
        64
    ],
    "optimizer": [
        "SGD"
    ],
    "learning rate": [
        0.00546743510853917
    ],
    "patience": [
        10
    ],
    "weight_decay": [
        0.00014829152581802746
    ],
    "p_hflip": [
        0.12667620569289528
    ],
    "p_crop": [
        0.34939376667452615
    ],
    "momentum": [
        0.9216014932104
    ],
    "drop_rate": [
        0.3399335398763721,
        0.1620422356910994,
        0.41585443594652427,
        0.5202852410268322
    ],
    "epochs": [
        1,
        2,
        3,
        4,
        5,
        6,
        7,
        8,
        9,
        10,
        11,
        12,
        13,
        14,
        15,
        16,
        17,
        18,
        19,
        20,
        21,
        22,
        23,
        24,
        25,
        26,
        27,
        28,
        29,
        30,
        31,
        32,
        33,
        34
    ],
    "train_loss": [
        1.9012855254210435,
        1.8577826230556933,
        1.835208695275443,
        1.8188875718550248,
        1.8067085746046785,
        1.7989256567769236,
        1.7819202209447886,
        1.774235774944355,
        1.763520555372362,
        1.7635858585308124,
        1.7490607630122792,
        1.738844378582843,
        1.7275360674053044,
        1.722707571611776,
        1.7123421093086144,
        1.7011961639701545,
        1.6927224304768946,
        1.6785158575355232,
        1.6677853212728129,
        1.6552278769480717,
        1.645787401632829,
        1.6354072381923725,
        1.620405913018561,
        1.6079466203590491,
        1.600944311278207,
        1.5849673909026307,
        1.5804449056650136,
        1.5656916215822294,
        1.5536053589412144,
        1.5441107557965563,
        1.5278739495710894,
        1.515939874463267,
        1.4959092948343846,
        1.4837890696215938
    ],
    "val_loss": [
        1.8844464287465932,
        1.836279616063955,
        1.821966188294547,
        1.8284292269726188,
        1.7903986755682497,
        1.7921114989689417,
        1.7971731010748415,
        1.8087713377816337,
        1.770750422866977,
        1.7606693846838815,
        1.7756196795677652,
        1.757447819320523,
        1.7746605094598265,
        1.7707882000475514,
        1.76958074618359,
        1.7632917165756226,
        1.7571445606192764,
        1.750724982242195,
        1.765278402639895,
        1.754489000962705,
        1.754020328424415,
        1.747577723191709,
        1.7516025475093298,
        1.7412160343053389,
        1.7527086077904215,
        1.758076322321989,
        1.7625839491279758,
        1.778449678907589,
        1.791781106773688,
        1.7775494638754397,
        1.7659407148555832,
        1.7466547635136818,
        1.7613162434830958,
        1.7739224458227352
    ],
    "test_accuracy": [
        26.68831168831169,
        31.623376623376622,
        33.40909090909091,
        32.5,
        34.285714285714285,
        35.38961038961039,
        36.62337662337662,
        33.76623376623377,
        38.34415584415584,
        38.506493506493506,
        38.05194805194805,
        39.642857142857146,
        39.61038961038961,
        38.01948051948052,
        38.05194805194805,
        38.701298701298704,
        39.285714285714285,
        41.16883116883117,
        38.86363636363637,
        39.44805194805195,
        39.8051948051948,
        38.63636363636363,
        38.96103896103896,
        40.324675324675326,
        40.90909090909091,
        39.74025974025974,
        39.285714285714285,
        39.22077922077922,
        35.22727272727273,
        37.532467532467535,
        38.01948051948052,
        38.76623376623377,
        38.506493506493506,
        39.188311688311686
    ]
}