{
    "trial": [
        46
    ],
    "batch_size": [
        64
    ],
    "optimizer": [
        "Adam"
    ],
    "learning rate": [
        0.00021563529250621317
    ],
    "patience": [
        10
    ],
    "weight_decay": [
        0.0002489591033036375
    ],
    "p_hflip": [
        0.7729311022293675
    ],
    "p_crop": [
        0.21368162801438773
    ],
    "momentum": [
        0.6919519820324241
    ],
    "drop_rate": [
        0.6333470940707332,
        0.6649238459659119,
        0.506029598834193,
        0.6157649624724885
    ],
    "epochs": [
        1
    ],
    "train_loss": [
        1.9244649918048413
    ],
    "val_loss": [
        1.8929588210826018
    ],
    "test_accuracy": [
        24.383116883116884
    ]
}