{
    "trial": [
        41
    ],
    "batch_size": [
        64
    ],
    "optimizer": [
        "RMSprop"
    ],
    "learning rate": [
        7.271461037069056e-05
    ],
    "patience": [
        10
    ],
    "weight_decay": [
        0.00036380215515766594
    ],
    "p_hflip": [
        0.9474544102380656
    ],
    "p_crop": [
        0.034843437646366104
    ],
    "momentum": [
        0.6063629323085216
    ],
    "drop_rate": [
        0.6581142678143626,
        0.5476720580027321,
        0.5574643197715654,
        0.13549154313473866
    ],
    "epochs": [
        1
    ],
    "train_loss": [
        1.8998666831425257
    ],
    "val_loss": [
        1.8696919314715328
    ],
    "test_accuracy": [
        27.272727272727273
    ]
}