{
    "trial": [
        3
    ],
    "batch_size": [
        64
    ],
    "optimizer": [
        "SGD"
    ],
    "learning rate": [
        0.02628364530293867
    ],
    "patience": [
        10
    ],
    "weight_decay": [
        3.3390001490184485e-05
    ],
    "p_hflip": [
        0.7648755632850485
    ],
    "p_crop": [
        0.42071185511123266
    ],
    "momentum": [
        0.7052315974356722
    ],
    "drop_rate": [
        0.510306029934734,
        0.20105468929501336,
        0.3635420709244229,
        0.41755966617862283
    ],
    "epochs": [
        1,
        2,
        3,
        4,
        5,
        6,
        7,
        8,
        9,
        10,
        11,
        12,
        13,
        14,
        15,
        16,
        17,
        18,
        19,
        20,
        21,
        22,
        23,
        24,
        25,
        26,
        27,
        28,
        29,
        30,
        31,
        32,
        33,
        34,
        35
    ],
    "train_loss": [
        1.896664929699588,
        1.8536728812502576,
        1.830598208192107,
        1.8152735066104244,
        1.7995617956310124,
        1.7923536845615933,
        1.7795794663491187,
        1.7678752004326164,
        1.756692350375188,
        1.7441294279965487,
        1.7406177700339973,
        1.7321620866849825,
        1.7215721529799621,
        1.7091061325816366,
        1.698162891957667,
        1.6923677041933134,
        1.6776178093699665,
        1.665561394877248,
        1.6524570034695911,
        1.6434307813644409,
        1.6236220378380317,
        1.6142572842635117,
        1.6031814463726886,
        1.5926042860204523,
        1.5838956340566859,
        1.5676058917850644,
        1.5565055751181267,
        1.5474897849095333,
        1.53023949040995,
        1.5174224094911055,
        1.5043685606547765,
        1.496267420285708,
        1.487839243628762,
        1.4747057741338556,
        1.4717570890079845
    ],
    "val_loss": [
        1.858746209923102,
        1.867117823386679,
        1.8880044830088714,
        1.8277103560311454,
        1.7990404586402737,
        1.8167700791845516,
        1.7929402054572592,
        1.796710162746663,
        1.7766672153862155,
        1.806104562720474,
        1.8046653878932097,
        1.7838805694969333,
        1.7748914008237877,
        1.7784298220459296,
        1.748120869909014,
        1.7696323516417523,
        1.7478240801363576,
        1.7673462969916207,
        1.7908173653544213,
        1.7510412882785409,
        1.7466812936627134,
        1.7629507999030911,
        1.7543458549343809,
        1.7724460363388062,
        1.7331413419879214,
        1.737725525486226,
        1.756323395943155,
        1.737991240559792,
        1.7621684196043987,
        1.7838334842604033,
        1.7581223930631364,
        1.7534909613278447,
        1.7367233037948608,
        1.7903338013863077,
        1.7610650743756975
    ],
    "test_accuracy": [
        28.863636363636363,
        26.396103896103895,
        25.357142857142858,
        31.493506493506494,
        34.48051948051948,
        33.37662337662338,
        35.97402597402598,
        36.46103896103896,
        36.91558441558441,
        34.61038961038961,
        34.935064935064936,
        38.01948051948052,
        37.62987012987013,
        36.46103896103896,
        41.13636363636363,
        38.214285714285715,
        40.55194805194805,
        40.29220779220779,
        38.08441558441559,
        38.83116883116883,
        41.298701298701296,
        37.5974025974026,
        38.63636363636363,
        38.83116883116883,
        40.48701298701299,
        40.38961038961039,
        40.746753246753244,
        40.87662337662338,
        39.22077922077922,
        35.25974025974026,
        40.77922077922078,
        39.577922077922075,
        40.77922077922078,
        36.03896103896104,
        39.285714285714285
    ]
}