{
    "trial": [
        36
    ],
    "batch_size": [
        64
    ],
    "optimizer": [
        "Adam"
    ],
    "learning rate": [
        0.012625269417513059
    ],
    "patience": [
        10
    ],
    "weight_decay": [
        1.720095585669877e-05
    ],
    "p_hflip": [
        0.699973603463485
    ],
    "p_crop": [
        0.06884503802332015
    ],
    "momentum": [
        0.7026178824345289
    ],
    "drop_rate": [
        0.4306691999989548,
        0.4987064355745604,
        0.3189039648683866,
        0.10408260953098829
    ],
    "epochs": [
        1
    ],
    "train_loss": [
        1.8892011091306613
    ],
    "val_loss": [
        1.8718071738067938
    ],
    "test_accuracy": [
        24.87012987012987
    ]
}