{
    "trial": [
        22
    ],
    "batch_size": [
        64
    ],
    "optimizer": [
        "RMSprop"
    ],
    "learning rate": [
        3.2836090805621745e-05
    ],
    "patience": [
        10
    ],
    "weight_decay": [
        8.611278858287286e-05
    ],
    "p_hflip": [
        0.6540203390511161
    ],
    "p_crop": [
        0.12433367865034788
    ],
    "momentum": [
        0.506535404517897
    ],
    "drop_rate": [
        0.5381148905162697,
        0.5354114051994989,
        0.46779572256575686,
        0.22998500180963502
    ],
    "epochs": [
        1
    ],
    "train_loss": [
        1.9120552276636098
    ],
    "val_loss": [
        1.881538979861201
    ],
    "test_accuracy": [
        27.37012987012987
    ]
}