{
    "trial": [
        40
    ],
    "batch_size": [
        64
    ],
    "optimizer": [
        "SGD"
    ],
    "learning rate": [
        2.0406125644624754e-05
    ],
    "patience": [
        10
    ],
    "weight_decay": [
        8.681672917406595e-05
    ],
    "p_hflip": [
        0.8159167210831013
    ],
    "p_crop": [
        0.14622467700657277
    ],
    "momentum": [
        0.6341652086899391
    ],
    "drop_rate": [
        0.4811900468279893,
        0.11584923244181661,
        0.26159887642969365,
        0.45264890265533353
    ],
    "epochs": [
        1
    ],
    "train_loss": [
        1.9569865796473118
    ],
    "val_loss": [
        1.9491199498273888
    ],
    "test_accuracy": [
        13.441558441558442
    ]
}