{
    "trial": [
        5
    ],
    "batch_size": [
        64
    ],
    "optimizer": [
        "SGD"
    ],
    "learning rate": [
        0.003799491147457253
    ],
    "patience": [
        10
    ],
    "weight_decay": [
        1.462905600314759e-06
    ],
    "p_hflip": [
        0.03568828772276411
    ],
    "p_crop": [
        0.7390598066061089
    ],
    "momentum": [
        0.5770990743713347
    ],
    "drop_rate": [
        0.18525035994858646,
        0.4990312954281445,
        0.4475337258529194,
        0.4909822962078113
    ],
    "epochs": [
        1
    ],
    "train_loss": [
        1.9349272864205496
    ],
    "val_loss": [
        1.901363409295374
    ],
    "test_accuracy": [
        25.876623376623378
    ]
}