{
    "trial": [
        37
    ],
    "batch_size": [
        64
    ],
    "optimizer": [
        "SGD"
    ],
    "learning rate": [
        0.0001481269477592005
    ],
    "patience": [
        10
    ],
    "weight_decay": [
        7.489426122962765e-06
    ],
    "p_hflip": [
        0.07105353034036549
    ],
    "p_crop": [
        0.3899414974214418
    ],
    "momentum": [
        0.579370481342142
    ],
    "drop_rate": [
        0.5516782917585019,
        0.648413357624136,
        0.5478173453055392,
        0.1593142522841693
    ],
    "epochs": [
        1
    ],
    "train_loss": [
        1.9556812447386902
    ],
    "val_loss": [
        1.9462710205389528
    ],
    "test_accuracy": [
        14.837662337662337
    ]
}