{
    "trial": [
        12
    ],
    "batch_size": [
        64
    ],
    "optimizer": [
        "RMSprop"
    ],
    "learning rate": [
        3.642483302220856e-05
    ],
    "patience": [
        10
    ],
    "weight_decay": [
        2.5011393419000727e-05
    ],
    "p_hflip": [
        0.5490433616263013
    ],
    "p_crop": [
        0.9434763974348883
    ],
    "momentum": [
        0.6324227691652186
    ],
    "drop_rate": [
        0.10149698598680917,
        0.3080279061811868,
        0.680405935179789,
        0.3683575280566311
    ],
    "epochs": [
        1,
        2,
        3,
        4,
        5,
        6,
        7,
        8,
        9,
        10,
        11,
        12,
        13,
        14,
        15,
        16,
        17,
        18,
        19,
        20,
        21,
        22,
        23,
        24
    ],
    "train_loss": [
        1.905471258968502,
        1.86047996143242,
        1.8312442141693908,
        1.807855917571427,
        1.7876851889994236,
        1.7695642948150634,
        1.7508188668783609,
        1.7322118684842989,
        1.7064951844029612,
        1.6789751511115532,
        1.6438200164150882,
        1.6068296503711057,
        1.5762487269067145,
        1.5417965498837558,
        1.513699704950506,
        1.4855742999485562,
        1.4638833906743434,
        1.4450960007580844,
        1.4267659509336794,
        1.4126642846441888,
        1.3971043388564865,
        1.3895750435915861,
        1.375699333091835,
        1.3650313807772352
    ],
    "val_loss": [
        1.8617040746066036,
        1.8300328522312397,
        1.8070910974424712,
        1.7899693761553084,
        1.7764848276060454,
        1.7746540332327083,
        1.7776699260789521,
        1.7559662351802903,
        1.7527303330752315,
        1.7704841141798058,
        1.7678488371323566,
        1.7837572560018422,
        1.780951436685056,
        1.751352268822339,
        1.7817899888875532,
        1.7797861245213722,
        1.762532689133469,
        1.7913411369129104,
        1.7862747129128904,
        1.7768271674915237,
        1.7946917061903038,
        1.764065455417244,
        1.8096473168353646,
        1.7676260057760744
    ],
    "test_accuracy": [
        29.707792207792206,
        31.98051948051948,
        34.51298701298701,
        36.26623376623377,
        37.077922077922075,
        39.05844155844156,
        37.142857142857146,
        39.935064935064936,
        41.23376623376623,
        38.18181818181818,
        39.77272727272727,
        37.175324675324674,
        39.77272727272727,
        39.967532467532465,
        40.22727272727273,
        39.253246753246756,
        40.16233766233766,
        36.72077922077922,
        37.824675324675326,
        38.896103896103895,
        37.72727272727273,
        39.8051948051948,
        35.746753246753244,
        41.03896103896104
    ]
}