{
    "trial": [
        8
    ],
    "batch_size": [
        64
    ],
    "optimizer": [
        "Adam"
    ],
    "learning rate": [
        8.852362373195737e-05
    ],
    "patience": [
        10
    ],
    "weight_decay": [
        2.010572270874248e-05
    ],
    "p_hflip": [
        0.3895733281344257
    ],
    "p_crop": [
        0.20999024587761272
    ],
    "momentum": [
        0.5792878302506714
    ],
    "drop_rate": [
        0.46411011750376996,
        0.5766022112858293,
        0.5589332232670122,
        0.2848982060191006
    ],
    "epochs": [
        1,
        2,
        3,
        4,
        5,
        6,
        7,
        8,
        9,
        10,
        11,
        12,
        13,
        14,
        15,
        16,
        17,
        18,
        19,
        20,
        21,
        22,
        23,
        24,
        25,
        26,
        27,
        28
    ],
    "train_loss": [
        1.9218158653804234,
        1.8622535786071381,
        1.8271649267766383,
        1.8077170656873034,
        1.7900183711733137,
        1.7749683606160152,
        1.761999352256973,
        1.7461839725444843,
        1.7300266095570156,
        1.7221794261560812,
        1.7055365896844246,
        1.6909489352981766,
        1.6721501517605473,
        1.6556058109580696,
        1.6361989154444112,
        1.6174394722108718,
        1.6008927791149585,
        1.5777855774024865,
        1.5578409077285171,
        1.5415086102176023,
        1.5295032940901718,
        1.5114794065425923,
        1.4898259438477552,
        1.471707578448506,
        1.465828156161618,
        1.4521095833221038,
        1.442128085470819,
        1.4322492073108624
    ],
    "val_loss": [
        1.8638046517664073,
        1.831888274270661,
        1.8124327513636376,
        1.8096744162695748,
        1.8019973599180883,
        1.7746794759010782,
        1.7741664015516942,
        1.757377882393039,
        1.7474331661146514,
        1.7427221901562748,
        1.7526123621025864,
        1.7383149764975723,
        1.7235184372687826,
        1.7494382882604793,
        1.740074415596164,
        1.726652208639651,
        1.7677763505857818,
        1.72098188254298,
        1.7282891492454373,
        1.7297065258026123,
        1.7431866027870957,
        1.7769159102926448,
        1.7424618540977945,
        1.7529219413290218,
        1.742699377390803,
        1.752912129674639,
        1.7332047078074242,
        1.7360167357386376
    ],
    "test_accuracy": [
        28.733766233766232,
        32.142857142857146,
        33.73376623376623,
        34.22077922077922,
        33.63636363636363,
        37.72727272727273,
        36.52597402597402,
        40.064935064935064,
        39.51298701298701,
        41.23376623376623,
        39.9025974025974,
        41.396103896103895,
        42.33766233766234,
        40.58441558441559,
        41.753246753246756,
        43.37662337662338,
        38.96103896103896,
        44.15584415584416,
        42.5974025974026,
        43.01948051948052,
        42.95454545454545,
        38.53896103896104,
        43.311688311688314,
        42.01298701298701,
        42.72727272727273,
        41.07142857142857,
        41.98051948051948,
        41.94805194805195
    ]
}