{
    "trial": [
        21
    ],
    "batch_size": [
        64
    ],
    "optimizer": [
        "Adam"
    ],
    "learning rate": [
        7.069366246528573e-05
    ],
    "patience": [
        10
    ],
    "weight_decay": [
        0.00025539513559735637
    ],
    "p_hflip": [
        0.8550889153913538
    ],
    "p_crop": [
        0.010599388006840179
    ],
    "momentum": [
        0.5958598508348962
    ],
    "drop_rate": [
        0.40413874012793344,
        0.6176790649503114,
        0.30318948191992945,
        0.1798379209926124
    ],
    "epochs": [
        1,
        2,
        3,
        4,
        5,
        6,
        7,
        8,
        9,
        10,
        11,
        12,
        13,
        14,
        15,
        16,
        17,
        18,
        19,
        20,
        21,
        22,
        23,
        24,
        25,
        26,
        27,
        28,
        29,
        30
    ],
    "train_loss": [
        1.8969450414954843,
        1.8445027150116957,
        1.815745152126659,
        1.7920913420714342,
        1.7713024557410897,
        1.7651101353880647,
        1.7543223346982684,
        1.7447985330185334,
        1.7307781318565467,
        1.7177944545621995,
        1.699058801167971,
        1.6812337073412809,
        1.6628915068391081,
        1.6377800356258045,
        1.6144159583302287,
        1.5862243776197558,
        1.561614058853744,
        1.5425293764510712,
        1.5206163344445167,
        1.5043009507191645,
        1.4894456764320274,
        1.4710911791045944,
        1.4571001752630457,
        1.4466611112867083,
        1.4378184931618827,
        1.423645730452104,
        1.4168051732050908,
        1.404755505958161,
        1.3983548786733058,
        1.3935418475757946
    ],
    "val_loss": [
        1.85861835917648,
        1.8338102515862913,
        1.805403444231773,
        1.8113945892878942,
        1.8006774357386999,
        1.7762000731059484,
        1.7907069945821956,
        1.7663628836067355,
        1.7641161899177396,
        1.767147893808326,
        1.7637701886040824,
        1.7560766643407393,
        1.7480342582780488,
        1.75044647771485,
        1.7455984475661297,
        1.741568854876927,
        1.7620608149742594,
        1.7534842126223507,
        1.7549151498444227,
        1.7396256315464875,
        1.7668353075883827,
        1.7672044914595935,
        1.749745563584931,
        1.7737483978271484,
        1.7603476534084397,
        1.7586471061317288,
        1.753492878407848,
        1.7580399415930923,
        1.7621041414689045,
        1.763900610865379
    ],
    "test_accuracy": [
        31.233766233766232,
        32.6948051948052,
        34.285714285714285,
        34.35064935064935,
        35.1948051948052,
        38.311688311688314,
        36.55844155844156,
        38.603896103896105,
        39.383116883116884,
        38.53896103896104,
        41.03896103896104,
        40.324675324675326,
        41.85064935064935,
        40.1948051948052,
        40.422077922077925,
        40.64935064935065,
        39.577922077922075,
        41.26623376623377,
        40.48701298701299,
        42.27272727272727,
        38.701298701298704,
        38.63636363636363,
        41.26623376623377,
        39.577922077922075,
        40.357142857142854,
        39.74025974025974,
        41.006493506493506,
        39.15584415584416,
        38.44155844155844,
        40.55194805194805
    ]
}