{
    "trial": [
        14
    ],
    "batch_size": [
        64
    ],
    "optimizer": [
        "RMSprop"
    ],
    "learning rate": [
        0.0001208636254796763
    ],
    "patience": [
        10
    ],
    "weight_decay": [
        0.0004397691605723659
    ],
    "p_hflip": [
        0.9990373505588924
    ],
    "p_crop": [
        0.2532544816841114
    ],
    "momentum": [
        0.5019894521411442
    ],
    "drop_rate": [
        0.6197046127588295,
        0.5790740803715795,
        0.5882324992980927,
        0.12192947483379997
    ],
    "epochs": [
        1
    ],
    "train_loss": [
        1.9023393565958195
    ],
    "val_loss": [
        1.8792705268275982
    ],
    "test_accuracy": [
        25.974025974025974
    ]
}