{
    "trial": [
        38
    ],
    "batch_size": [
        64
    ],
    "optimizer": [
        "RMSprop"
    ],
    "learning rate": [
        0.0023780888004518814
    ],
    "patience": [
        10
    ],
    "weight_decay": [
        3.840648442874656e-05
    ],
    "p_hflip": [
        0.9260024371935741
    ],
    "p_crop": [
        0.2786876337161939
    ],
    "momentum": [
        0.7282868067192338
    ],
    "drop_rate": [
        0.20483776259480604,
        0.42270560661876627,
        0.3804381128747046,
        0.3056537739880018
    ],
    "epochs": [
        1
    ],
    "train_loss": [
        1.8801981467705269
    ],
    "val_loss": [
        1.9165538111511542
    ],
    "test_accuracy": [
        21.558441558441558
    ]
}