{
    "trial": [
        9
    ],
    "batch_size": [
        64
    ],
    "optimizer": [
        "SGD"
    ],
    "learning rate": [
        0.0006736614762683636
    ],
    "patience": [
        10
    ],
    "weight_decay": [
        2.0180098650419507e-06
    ],
    "p_hflip": [
        0.7535458337811805
    ],
    "p_crop": [
        0.5830917494167689
    ],
    "momentum": [
        0.8479834377291711
    ],
    "drop_rate": [
        0.5116500509339966,
        0.45842641779735693,
        0.5056835107276805,
        0.5334841459680554
    ],
    "epochs": [
        1
    ],
    "train_loss": [
        1.9581101179122924
    ],
    "val_loss": [
        1.9435408577627065
    ],
    "test_accuracy": [
        16.525974025974026
    ]
}