{
    "trial": [
        32
    ],
    "batch_size": [
        64
    ],
    "optimizer": [
        "RMSprop"
    ],
    "learning rate": [
        9.880616311472023e-05
    ],
    "patience": [
        10
    ],
    "weight_decay": [
        0.00015980712825841356
    ],
    "p_hflip": [
        0.8314569195954953
    ],
    "p_crop": [
        0.0886583629724917
    ],
    "momentum": [
        0.5940576674693331
    ],
    "drop_rate": [
        0.5209035421341501,
        0.6565082612999423,
        0.6212097599130806,
        0.14287883442450783
    ],
    "epochs": [
        1
    ],
    "train_loss": [
        1.904888258351908
    ],
    "val_loss": [
        1.8770169506267624
    ],
    "test_accuracy": [
        27.142857142857142
    ]
}