{
    "trial": [
        27
    ],
    "batch_size": [
        64
    ],
    "optimizer": [
        "Adam"
    ],
    "learning rate": [
        0.000504393520324903
    ],
    "patience": [
        10
    ],
    "weight_decay": [
        1.196674407817798e-05
    ],
    "p_hflip": [
        0.8682959379024464
    ],
    "p_crop": [
        0.22331855952695945
    ],
    "momentum": [
        0.5928550738628717
    ],
    "drop_rate": [
        0.4787035142077755,
        0.38862695834311134,
        0.35236571983104076,
        0.28396122026438836
    ],
    "epochs": [
        1
    ],
    "train_loss": [
        1.8745529425608647
    ],
    "val_loss": [
        1.8486410549708776
    ],
    "test_accuracy": [
        28.441558441558442
    ]
}