{
    "trial": [
        44
    ],
    "batch_size": [
        64
    ],
    "optimizer": [
        "RMSprop"
    ],
    "learning rate": [
        0.0007360404207120459
    ],
    "patience": [
        10
    ],
    "weight_decay": [
        0.002003638504667507
    ],
    "p_hflip": [
        0.9533391898540723
    ],
    "p_crop": [
        0.0003694071910975011
    ],
    "momentum": [
        0.6413900488762457
    ],
    "drop_rate": [
        0.5756796515897629,
        0.6230019629890623,
        0.5682068326155733,
        0.20317784167096
    ],
    "epochs": [
        1
    ],
    "train_loss": [
        1.8874945736550666
    ],
    "val_loss": [
        1.8676246307334121
    ],
    "test_accuracy": [
        26.655844155844157
    ]
}