{
    "trial": [
        28
    ],
    "batch_size": [
        64
    ],
    "optimizer": [
        "Adam"
    ],
    "learning rate": [
        5.305969503887643e-05
    ],
    "patience": [
        10
    ],
    "weight_decay": [
        2.8415789437475353e-05
    ],
    "p_hflip": [
        0.6883296210078766
    ],
    "p_crop": [
        0.4664563345089834
    ],
    "momentum": [
        0.76827281586393
    ],
    "drop_rate": [
        0.4226669089465989,
        0.6187816909808446,
        0.4123655882136683,
        0.44890525215056615
    ],
    "epochs": [
        1
    ],
    "train_loss": [
        1.926112664829601
    ],
    "val_loss": [
        1.8925065313066756
    ],
    "test_accuracy": [
        26.948051948051948
    ]
}