{
    "trial": [
        18
    ],
    "batch_size": [
        64
    ],
    "optimizer": [
        "Adam"
    ],
    "learning rate": [
        0.00023317606185945414
    ],
    "patience": [
        10
    ],
    "weight_decay": [
        6.163426720228005e-05
    ],
    "p_hflip": [
        0.6452287679053423
    ],
    "p_crop": [
        0.019711395374269997
    ],
    "momentum": [
        0.5830838033488095
    ],
    "drop_rate": [
        0.3388174980008196,
        0.5334257860013429,
        0.30775452675503984,
        0.19889121831890577
    ],
    "epochs": [
        1,
        2,
        3,
        4,
        5,
        6,
        7,
        8,
        9,
        10,
        11,
        12,
        13,
        14,
        15,
        16,
        17,
        18,
        19,
        20,
        21,
        22,
        23,
        24,
        25,
        26,
        27,
        28,
        29,
        30,
        31,
        32,
        33,
        34,
        35,
        36,
        37,
        38,
        39,
        40,
        41,
        42,
        43,
        44,
        45,
        46,
        47
    ],
    "train_loss": [
        1.8676718795454348,
        1.8296327145068676,
        1.8121537508902612,
        1.797575913776051,
        1.7854196882867195,
        1.777616825041833,
        1.7698672567095075,
        1.7598867165577876,
        1.7579448498688734,
        1.7540762585478944,
        1.748144522889868,
        1.7398805457276183,
        1.739681143884535,
        1.7293309555425271,
        1.7204249933168485,
        1.7186063763383146,
        1.7149718584952416,
        1.7106072221483504,
        1.7058219296591624,
        1.7003665050902923,
        1.6996270247868128,
        1.6924516374414618,
        1.6905415940594364,
        1.6818401435752968,
        1.6743614723156024,
        1.6740059230234716,
        1.66897323317342,
        1.6588843537615492,
        1.6539303649555552,
        1.6477970891184621,
        1.6477826093698478,
        1.6396403687340873,
        1.6323787020398426,
        1.6272588782496267,
        1.6192323910725581,
        1.6113189966647656,
        1.6033369442085168,
        1.5916993215486601,
        1.5946484370665117,
        1.582358431196832,
        1.5765909718228626,
        1.5663891513626296,
        1.561343876417581,
        1.555190907205854,
        1.547359636542085,
        1.5374387768955975,
        1.5290999267008398
    ],
    "val_loss": [
        1.8434331806338564,
        1.8244317940303258,
        1.8056574743621203,
        1.853403972119701,
        1.7925853656262767,
        1.8230748200903133,
        1.7764836914685307,
        1.8105993197888743,
        1.7661668013553231,
        1.7744002512523107,
        1.7622315834979623,
        1.7576446679173683,
        1.7627223365160885,
        1.7701272258953171,
        1.7619263931196563,
        1.7450612661789875,
        1.7597200189317976,
        1.7565346396699244,
        1.7509162790921269,
        1.7384396596830718,
        1.7445707150868006,
        1.763001451686937,
        1.7323985221434612,
        1.7488472096774044,
        1.7253151158897244,
        1.720045537364726,
        1.710167563691431,
        1.7236019421596915,
        1.7292029006140572,
        1.7399545421405715,
        1.7178923232214791,
        1.7242098633123903,
        1.712689961705889,
        1.7206956537402407,
        1.7204874291711925,
        1.7111789863936755,
        1.7036223849471734,
        1.7145029598352861,
        1.704222975944986,
        1.7044020355964193,
        1.7169639674984678,
        1.7174173325908428,
        1.7125463145119804,
        1.7044260501861572,
        1.7122649270661023,
        1.7224963976412404,
        1.712719379639139
    ],
    "test_accuracy": [
        30.454545454545453,
        32.62987012987013,
        33.47402597402598,
        29.9025974025974,
        37.27272727272727,
        34.83766233766234,
        35.84415584415584,
        35.714285714285715,
        39.41558441558441,
        38.86363636363637,
        39.41558441558441,
        39.31818181818182,
        38.214285714285715,
        39.09090909090909,
        39.935064935064936,
        41.72077922077922,
        40.87662337662338,
        41.55844155844156,
        41.785714285714285,
        43.57142857142857,
        41.85064935064935,
        40.45454545454545,
        43.603896103896105,
        42.3051948051948,
        44.05844155844156,
        43.53896103896104,
        44.188311688311686,
        43.34415584415584,
        42.5,
        41.98051948051948,
        43.993506493506494,
        45.0974025974026,
        43.63636363636363,
        42.88961038961039,
        44.935064935064936,
        44.48051948051948,
        45.032467532467535,
        44.74025974025974,
        44.54545454545455,
        44.577922077922075,
        44.935064935064936,
        45.032467532467535,
        44.54545454545455,
        46.42857142857143,
        46.103896103896105,
        43.40909090909091,
        43.96103896103896
    ]
}