{
    "trial": [
        25
    ],
    "batch_size": [
        64
    ],
    "optimizer": [
        "Adam"
    ],
    "learning rate": [
        0.00019922800546527545
    ],
    "patience": [
        10
    ],
    "weight_decay": [
        2.8034109692175032e-06
    ],
    "p_hflip": [
        0.6211193454158035
    ],
    "p_crop": [
        0.38377271719094225
    ],
    "momentum": [
        0.5486890000919857
    ],
    "drop_rate": [
        0.37617533326612995,
        0.4300312317810929,
        0.2320666696163301,
        0.30660413629726413
    ],
    "epochs": [
        1
    ],
    "train_loss": [
        1.8799670869653875
    ],
    "val_loss": [
        1.8679035026199964
    ],
    "test_accuracy": [
        27.272727272727273
    ]
}