{
    "trial": [
        47
    ],
    "batch_size": [
        64
    ],
    "optimizer": [
        "RMSprop"
    ],
    "learning rate": [
        2.2820717421420948e-05
    ],
    "patience": [
        10
    ],
    "weight_decay": [
        0.00011212587405582792
    ],
    "p_hflip": [
        0.5053763917271428
    ],
    "p_crop": [
        0.109812924322337
    ],
    "momentum": [
        0.7198204979092409
    ],
    "drop_rate": [
        0.6962901089005263,
        0.5638065018921871,
        0.462615157250017,
        0.38293879782498835
    ],
    "epochs": [
        1
    ],
    "train_loss": [
        1.9395486255744836
    ],
    "val_loss": [
        1.9146187183808308
    ],
    "test_accuracy": [
        25.616883116883116
    ]
}