{
    "trial": [
        11
    ],
    "batch_size": [
        64
    ],
    "optimizer": [
        "RMSprop"
    ],
    "learning rate": [
        3.503244737168479e-05
    ],
    "patience": [
        10
    ],
    "weight_decay": [
        1.9995501057503496e-05
    ],
    "p_hflip": [
        0.4854000487074914
    ],
    "p_crop": [
        0.04855701136378798
    ],
    "momentum": [
        0.6842364100049185
    ],
    "drop_rate": [
        0.1050622111502807,
        0.3068602299262829,
        0.6574098313397441,
        0.697418988162846
    ],
    "epochs": [
        1,
        2,
        3,
        4,
        5,
        6,
        7,
        8,
        9,
        10,
        11,
        12,
        13,
        14,
        15,
        16,
        17,
        18,
        19,
        20,
        21,
        22,
        23,
        24,
        25,
        26,
        27,
        28
    ],
    "train_loss": [
        1.9357457080444733,
        1.9054390888709527,
        1.8820024453200304,
        1.8597460273024324,
        1.8400594952818636,
        1.8261257400760402,
        1.8108632220850363,
        1.798172882625035,
        1.7874562901335878,
        1.7767030654015479,
        1.759759019566821,
        1.747129538771394,
        1.7276529274977648,
        1.710055955663904,
        1.6870206572792747,
        1.6601985327609174,
        1.6339002200535366,
        1.6056565513858547,
        1.5787789093983637,
        1.552695664802155,
        1.5326911344156637,
        1.5076575300910255,
        1.4848315632188476,
        1.4695169445756193,
        1.4498917338135955,
        1.4373877481980757,
        1.4200407220171642,
        1.4095147937923282
    ],
    "val_loss": [
        1.884079030581883,
        1.8613028258693463,
        1.838901816582193,
        1.8237845751704003,
        1.815265499815649,
        1.798721405924583,
        1.7821014219400835,
        1.7839271341051375,
        1.7829531333884414,
        1.7598654956233746,
        1.7810424590597347,
        1.7871897415238984,
        1.7498798735287724,
        1.7483089918992958,
        1.7656578433756926,
        1.7417402243127629,
        1.732975105850064,
        1.7309575737739096,
        1.7425156734427627,
        1.7535041473349746,
        1.7768522938903497,
        1.773632828070193,
        1.7429935080664498,
        1.7514703054817355,
        1.751171452658517,
        1.7571307055804195,
        1.8492979541116832,
        1.7597727143034643
    ],
    "test_accuracy": [
        27.954545454545453,
        29.772727272727273,
        31.948051948051948,
        33.01948051948052,
        33.798701298701296,
        35.55194805194805,
        36.62337662337662,
        36.688311688311686,
        35.68181818181818,
        38.63636363636363,
        37.66233766233766,
        37.435064935064936,
        40.51948051948052,
        41.42857142857143,
        39.31818181818182,
        41.23376623376623,
        42.79220779220779,
        42.33766233766234,
        40.25974025974026,
        39.8051948051948,
        38.311688311688314,
        39.48051948051948,
        40.68181818181818,
        39.935064935064936,
        39.967532467532465,
        39.77272727272727,
        30.941558441558442,
        40.16233766233766
    ]
}