{
    "trial": [
        6
    ],
    "batch_size": [
        64
    ],
    "optimizer": [
        "Adam"
    ],
    "learning rate": [
        0.0014328982636320816
    ],
    "patience": [
        10
    ],
    "weight_decay": [
        7.109596068838949e-05
    ],
    "p_hflip": [
        0.22104978443258205
    ],
    "p_crop": [
        0.6419659593217107
    ],
    "momentum": [
        0.5682800474035926
    ],
    "drop_rate": [
        0.45325297873873105,
        0.4494458765337721,
        0.5309160123188781,
        0.3104837894299853
    ],
    "epochs": [
        1
    ],
    "train_loss": [
        1.8851260333866269
    ],
    "val_loss": [
        1.9086666009864028
    ],
    "test_accuracy": [
        23.31168831168831
    ]
}