{
    "trial": [
        29
    ],
    "batch_size": [
        64
    ],
    "optimizer": [
        "Adam"
    ],
    "learning rate": [
        0.0002102265890628319
    ],
    "patience": [
        10
    ],
    "weight_decay": [
        0.00011847190846436256
    ],
    "p_hflip": [
        0.27028511407660893
    ],
    "p_crop": [
        0.3191840677249062
    ],
    "momentum": [
        0.5382578334234249
    ],
    "drop_rate": [
        0.3672444426325098,
        0.5229701382667922,
        0.21282499880355127,
        0.35310246220097213
    ],
    "epochs": [
        1,
        2,
        3,
        4,
        5,
        6
    ],
    "train_loss": [
        1.8762713042172519,
        1.8261599534517758,
        1.8089761433663307,
        1.795466979757532,
        1.7854583114772649,
        1.7749335007234053
    ],
    "val_loss": [
        1.840362473410003,
        1.8179748836828737,
        1.8125789335795812,
        1.811815646229958,
        1.793600539771878,
        1.7978876780490487
    ],
    "test_accuracy": [
        29.48051948051948,
        32.98701298701299,
        35.16233766233766,
        33.92857142857143,
        34.935064935064936,
        34.675324675324674
    ]
}