{
    "trial": [
        15
    ],
    "batch_size": [
        64
    ],
    "optimizer": [
        "Adam"
    ],
    "learning rate": [
        0.00010639784760169462
    ],
    "patience": [
        10
    ],
    "weight_decay": [
        0.001036403785227451
    ],
    "p_hflip": [
        0.9672012870397639
    ],
    "p_crop": [
        0.1691442585152026
    ],
    "momentum": [
        0.6188390062175007
    ],
    "drop_rate": [
        0.5897348539104217,
        0.5714820573409437,
        0.5935845983567687,
        0.23751517617634907
    ],
    "epochs": [
        1
    ],
    "train_loss": [
        1.9263231450861151
    ],
    "val_loss": [
        1.8807384748848117
    ],
    "test_accuracy": [
        27.792207792207794
    ]
}