{
    "trial": [
        45
    ],
    "batch_size": [
        64
    ],
    "optimizer": [
        "RMSprop"
    ],
    "learning rate": [
        0.00012814923804401108
    ],
    "patience": [
        10
    ],
    "weight_decay": [
        0.00045270098150953364
    ],
    "p_hflip": [
        0.7237775918339044
    ],
    "p_crop": [
        0.08341993056539831
    ],
    "momentum": [
        0.7583292342810942
    ],
    "drop_rate": [
        0.5087504871545694,
        0.46994589822966004,
        0.6434586829631879,
        0.1342999962908249
    ],
    "epochs": [
        1
    ],
    "train_loss": [
        1.8881982862175286
    ],
    "val_loss": [
        1.8680271907728545
    ],
    "test_accuracy": [
        27.92207792207792
    ]
}