{
    "trial": [
        7
    ],
    "batch_size": [
        64
    ],
    "optimizer": [
        "Adam"
    ],
    "learning rate": [
        0.0007136908407656753
    ],
    "patience": [
        10
    ],
    "weight_decay": [
        4.3826279021120235e-06
    ],
    "p_hflip": [
        0.34757739198366167
    ],
    "p_crop": [
        0.6794117566904608
    ],
    "momentum": [
        0.738394025774587
    ],
    "drop_rate": [
        0.4069564725077309,
        0.6420830948167686,
        0.17706169130241894,
        0.2564700023850899
    ],
    "epochs": [
        1,
        2,
        3,
        4,
        5,
        6,
        7,
        8,
        9,
        10
    ],
    "train_loss": [
        1.8731662211480078,
        1.844840130248627,
        1.834950082952326,
        1.8273769096894699,
        1.8209114118055865,
        1.8117906022381474,
        1.8047684740710568,
        1.801364170111619,
        1.7902430487917615,
        1.7835577772809315
    ],
    "val_loss": [
        1.8684400757964776,
        1.8657220772334508,
        1.8410419736589705,
        1.8241620890948238,
        1.8159675452173973,
        1.8117832529301545,
        1.8098555608671538,
        1.805503555706569,
        1.8013570333013729,
        1.8133451014148945
    ],
    "test_accuracy": [
        28.766233766233768,
        26.525974025974026,
        29.51298701298701,
        31.72077922077922,
        32.66233766233766,
        34.22077922077922,
        32.5974025974026,
        33.798701298701296,
        33.27922077922078,
        33.92857142857143
    ]
}