{
    "trial": [
        39
    ],
    "batch_size": [
        64
    ],
    "optimizer": [
        "Adam"
    ],
    "learning rate": [
        0.0004441105494110255
    ],
    "patience": [
        10
    ],
    "weight_decay": [
        1.2836540885731912e-06
    ],
    "p_hflip": [
        0.19671343580613798
    ],
    "p_crop": [
        0.5581135493961662
    ],
    "momentum": [
        0.8751361037167639
    ],
    "drop_rate": [
        0.34560889806581463,
        0.4997091690264533,
        0.42835399549633046,
        0.24279857626253126
    ],
    "epochs": [
        1,
        2
    ],
    "train_loss": [
        1.8765608450034996,
        1.8435634572784623
    ],
    "val_loss": [
        1.8547952296782513,
        1.8627518537093182
    ],
    "test_accuracy": [
        28.961038961038962,
        27.01298701298701
    ]
}