{
    "trial": [
        31
    ],
    "batch_size": [
        64
    ],
    "optimizer": [
        "RMSprop"
    ],
    "learning rate": [
        7.490578030880146e-05
    ],
    "patience": [
        10
    ],
    "weight_decay": [
        0.0002888320416706545
    ],
    "p_hflip": [
        0.9466551764932324
    ],
    "p_crop": [
        0.008887801317548794
    ],
    "momentum": [
        0.6519312673693376
    ],
    "drop_rate": [
        0.6180727937792445,
        0.5496637768917686,
        0.5455995152380061,
        0.1532389162425659
    ],
    "epochs": [
        1,
        2,
        3,
        4,
        5,
        6,
        7,
        8,
        9,
        10,
        11,
        12,
        13,
        14,
        15,
        16,
        17,
        18,
        19,
        20,
        21,
        22,
        23,
        24,
        25
    ],
    "train_loss": [
        1.910303115535092,
        1.8589218458571992,
        1.8265179045788653,
        1.8064147868713776,
        1.7856647717488277,
        1.7654031734961968,
        1.7475490483370695,
        1.7377840744984614,
        1.725854467107104,
        1.7087521837903308,
        1.6917663202657327,
        1.6740982517019494,
        1.6525435295971957,
        1.6280555610532885,
        1.607917511308348,
        1.586161625230467,
        1.5658203697823858,
        1.5471567126063557,
        1.5302214644171974,
        1.5132507804152253,
        1.4998741382128233,
        1.4869237435328495,
        1.4724273966504382,
        1.460793685913086,
        1.4471080142182189
    ],
    "val_loss": [
        1.8711983743979006,
        1.8540079399031035,
        1.8141489320871782,
        1.820085425766147,
        1.787251511398627,
        1.7793810051314685,
        1.8004984369083328,
        1.7720442450776392,
        1.7637286234875114,
        1.738298520749929,
        1.7566759464692097,
        1.7558275899108575,
        1.8103569527061618,
        1.7340610221940644,
        1.726808752332415,
        1.7656616118489479,
        1.733250462279028,
        1.7740130010916262,
        1.7503134596104524,
        1.7640267878162617,
        1.7474577816165224,
        1.745575982697156,
        1.7555180885353867,
        1.783081821032933,
        1.7471171471537377
    ],
    "test_accuracy": [
        29.123376623376622,
        31.428571428571427,
        34.188311688311686,
        32.66233766233766,
        37.33766233766234,
        36.883116883116884,
        36.33116883116883,
        37.532467532467535,
        39.383116883116884,
        42.4025974025974,
        39.383116883116884,
        41.13636363636363,
        32.532467532467535,
        41.753246753246756,
        43.53896103896104,
        40.64935064935065,
        42.824675324675326,
        38.83116883116883,
        41.785714285714285,
        39.48051948051948,
        41.81818181818182,
        41.55844155844156,
        41.103896103896105,
        37.564935064935064,
        41.201298701298704
    ]
}