{
    "trial": [
        10
    ],
    "batch_size": [
        64
    ],
    "optimizer": [
        "Adam"
    ],
    "learning rate": [
        1.6136942890364093e-05
    ],
    "patience": [
        10
    ],
    "weight_decay": [
        0.009918753843183411
    ],
    "p_hflip": [
        0.5599358550191393
    ],
    "p_crop": [
        0.025866478570142987
    ],
    "momentum": [
        0.6268101383830179
    ],
    "drop_rate": [
        0.6616362826815841,
        0.32975318365628414,
        0.6547507380321494,
        0.14858223092432946
    ],
    "epochs": [
        1
    ],
    "train_loss": [
        1.941111794385043
    ],
    "val_loss": [
        1.9308913337941072
    ],
    "test_accuracy": [
        21.363636363636363
    ]
}