{
    "trial": [
        2
    ],
    "batch_size": [
        64
    ],
    "optimizer": [
        "SGD"
    ],
    "learning rate": [
        0.007874527689736645
    ],
    "patience": [
        10
    ],
    "weight_decay": [
        0.0006153024617067078
    ],
    "p_hflip": [
        0.20004226525760238
    ],
    "p_crop": [
        0.22430764600460562
    ],
    "momentum": [
        0.5336431083838672
    ],
    "drop_rate": [
        0.467739220867216,
        0.4772885718412928,
        0.39130026680884533,
        0.19613771446337364
    ],
    "epochs": [
        1,
        2,
        3,
        4,
        5,
        6,
        7,
        8,
        9,
        10,
        11,
        12,
        13,
        14,
        15,
        16,
        17,
        18,
        19,
        20,
        21,
        22,
        23,
        24,
        25,
        26,
        27,
        28,
        29,
        30,
        31,
        32,
        33,
        34,
        35,
        36,
        37,
        38,
        39,
        40
    ],
    "train_loss": [
        1.9275856646624479,
        1.8926837085129378,
        1.8728676015680485,
        1.8587613142930068,
        1.847856556595146,
        1.8408899629270876,
        1.8308566536222186,
        1.8227681147587764,
        1.8122378352400546,
        1.8073296556225071,
        1.7980992134515341,
        1.7882722167225626,
        1.7805270414847831,
        1.7726517494622762,
        1.7625510952689432,
        1.7569535679631418,
        1.7495351243328738,
        1.741134701146708,
        1.7312466835046743,
        1.7238334036492682,
        1.7188020281977467,
        1.7067612068993705,
        1.693628724209674,
        1.6837693901805135,
        1.671905484137597,
        1.6593286257285575,
        1.640977169321729,
        1.6233371629343405,
        1.6088695250548326,
        1.5924984928849455,
        1.5736408899356793,
        1.5581351162551285,
        1.5409055858463436,
        1.5266103738314145,
        1.510359594419405,
        1.4877870764051164,
        1.47376382443812,
        1.4601455598682551,
        1.4436967341930835,
        1.4334279738463365
    ],
    "val_loss": [
        1.8910062313079834,
        1.8690842584687837,
        1.8576546153243707,
        1.857627805398435,
        1.84674672204621,
        1.8487290484564645,
        1.8235754528824164,
        1.8290759276370614,
        1.813798223223005,
        1.8047955766016124,
        1.8087204670419499,
        1.7968846170269712,
        1.786479088724876,
        1.7751302548817225,
        1.7714893939543743,
        1.7677301898294566,
        1.7853986365454537,
        1.7607859956974885,
        1.7717130427457848,
        1.7770388685927099,
        1.7892614603042603,
        1.7686530278653514,
        1.755445689571147,
        1.7645952604254898,
        1.7549134298246734,
        1.7519585551047812,
        1.7574213572910853,
        1.7634289532291645,
        1.77923284014877,
        1.743463513802509,
        1.7604149166418581,
        1.824043363940959,
        1.7990645291853924,
        1.7843093507143917,
        1.7572579286536392,
        1.7643910403154335,
        1.827432510804157,
        1.769636677235973,
        1.821510529031559,
        1.8267788692396514
    ],
    "test_accuracy": [
        26.038961038961038,
        27.694805194805195,
        29.675324675324674,
        29.51298701298701,
        30.38961038961039,
        31.915584415584416,
        33.40909090909091,
        33.01948051948052,
        33.44155844155844,
        34.87012987012987,
        34.383116883116884,
        37.077922077922075,
        37.5974025974026,
        38.73376623376623,
        39.70779220779221,
        39.675324675324674,
        37.11038961038961,
        39.41558441558441,
        38.83116883116883,
        38.08441558441559,
        37.6948051948052,
        39.188311688311686,
        39.12337662337662,
        38.44155844155844,
        39.285714285714285,
        39.70779220779221,
        39.253246753246756,
        38.214285714285715,
        38.18181818181818,
        39.70779220779221,
        37.75974025974026,
        33.798701298701296,
        36.493506493506494,
        37.66233766233766,
        38.246753246753244,
        38.05194805194805,
        31.655844155844157,
        39.188311688311686,
        34.44805194805195,
        33.40909090909091
    ]
}