{
    "trial": [
        17
    ],
    "batch_size": [
        64
    ],
    "optimizer": [
        "RMSprop"
    ],
    "learning rate": [
        1.3066025075174914e-05
    ],
    "patience": [
        10
    ],
    "weight_decay": [
        0.0025489899661106812
    ],
    "p_hflip": [
        0.46794739098129157
    ],
    "p_crop": [
        0.07822239241631047
    ],
    "momentum": [
        0.66030148563184
    ],
    "drop_rate": [
        0.6969702885814155,
        0.687942041948148,
        0.5933617623374083,
        0.3278696516832854
    ],
    "epochs": [
        1
    ],
    "train_loss": [
        1.9494362667009428
    ],
    "val_loss": [
        1.9319850790257356
    ],
    "test_accuracy": [
        19.935064935064936
    ]
}