{
    "trial": [
        26
    ],
    "batch_size": [
        64
    ],
    "optimizer": [
        "Adam"
    ],
    "learning rate": [
        0.002202624285976613
    ],
    "patience": [
        10
    ],
    "weight_decay": [
        4.353352286734146e-05
    ],
    "p_hflip": [
        0.42616686912382823
    ],
    "p_crop": [
        0.1090011819535599
    ],
    "momentum": [
        0.6145605575715007
    ],
    "drop_rate": [
        0.2829228530252807,
        0.6941919332286253,
        0.2572042333798905,
        0.35565645252160893
    ],
    "epochs": [
        1
    ],
    "train_loss": [
        1.8817236609273142
    ],
    "val_loss": [
        1.876610826472847
    ],
    "test_accuracy": [
        25.454545454545453
    ]
}