{
    "trial": [
        43
    ],
    "batch_size": [
        64
    ],
    "optimizer": [
        "RMSprop"
    ],
    "learning rate": [
        4.508226690318164e-05
    ],
    "patience": [
        10
    ],
    "weight_decay": [
        0.0007592677496519296
    ],
    "p_hflip": [
        0.8947977694704503
    ],
    "p_crop": [
        0.0075757388405703965
    ],
    "momentum": [
        0.5740971171065782
    ],
    "drop_rate": [
        0.6312037881752038,
        0.5890548528264462,
        0.6211603864673642,
        0.5620062239421109
    ],
    "epochs": [
        1
    ],
    "train_loss": [
        1.9497162277048283
    ],
    "val_loss": [
        1.9285344736916679
    ],
    "test_accuracy": [
        23.66883116883117
    ]
}