{
    "trial": [
        33
    ],
    "batch_size": [
        64
    ],
    "optimizer": [
        "RMSprop"
    ],
    "learning rate": [
        0.0009865497666928218
    ],
    "patience": [
        10
    ],
    "weight_decay": [
        0.0011259792676446717
    ],
    "p_hflip": [
        0.9217562370687241
    ],
    "p_crop": [
        0.1791110590198302
    ],
    "momentum": [
        0.7021568937067553
    ],
    "drop_rate": [
        0.2352592093401636,
        0.4794386623348871,
        0.48795453836032693,
        0.17968672388939838
    ],
    "epochs": [
        1
    ],
    "train_loss": [
        1.874818891673893
    ],
    "val_loss": [
        1.9003795215061732
    ],
    "test_accuracy": [
        22.88961038961039
    ]
}