{
    "trial": [
        23
    ],
    "batch_size": [
        64
    ],
    "optimizer": [
        "Adam"
    ],
    "learning rate": [
        0.00022653638291023076
    ],
    "patience": [
        10
    ],
    "weight_decay": [
        1.2199217310529248e-05
    ],
    "p_hflip": [
        0.8817888427488376
    ],
    "p_crop": [
        0.191726500675926
    ],
    "momentum": [
        0.6464627280697401
    ],
    "drop_rate": [
        0.45194123780941997,
        0.6146913685273103,
        0.32992031828293505,
        0.293700958762425
    ],
    "epochs": [
        1,
        2,
        3,
        4,
        5,
        6,
        7,
        8,
        9,
        10,
        11,
        12,
        13,
        14,
        15,
        16,
        17,
        18,
        19,
        20,
        21,
        22,
        23,
        24,
        25,
        26,
        27,
        28,
        29,
        30,
        31,
        32,
        33,
        34,
        35,
        36,
        37,
        38,
        39,
        40,
        41,
        42
    ],
    "train_loss": [
        1.880127087506381,
        1.8366766997746058,
        1.8135408416970984,
        1.7967810921854788,
        1.7866103249710876,
        1.7786490954361953,
        1.769233033873818,
        1.7579148007677747,
        1.7621430486827703,
        1.7500052712180398,
        1.7405293953883183,
        1.7391733541117087,
        1.7263874812559648,
        1.7235017627864688,
        1.717529424754056,
        1.7142409361802138,
        1.7060915172874154,
        1.7009199823651995,
        1.689129037052006,
        1.6897818432225808,
        1.680496074007703,
        1.6738375025910217,
        1.6709186631363708,
        1.6609133252849826,
        1.6543067405750225,
        1.659213824086375,
        1.6499843324933734,
        1.6371026435455718,
        1.6278712721614095,
        1.619181008462782,
        1.619625678000512,
        1.6114053283418928,
        1.601871997969491,
        1.5954621361447618,
        1.5896045347312828,
        1.5834649934397116,
        1.5723420997718711,
        1.5679671231802408,
        1.5608287746256049,
        1.5526559312622268,
        1.5457885739091155,
        1.5412782455419565
    ],
    "val_loss": [
        1.8389943765134227,
        1.8260580739196466,
        1.8140018375552431,
        1.8184152890224845,
        1.7937007509932226,
        1.7921523342327195,
        1.7820043612499625,
        1.7743216023153188,
        1.8162982317866112,
        1.7852142781627423,
        1.766233390691329,
        1.7600922243935722,
        1.766689972001679,
        1.7577554814669551,
        1.7459932833301777,
        1.738622886793954,
        1.735185720482651,
        1.7334579594281254,
        1.7223285752899793,
        1.7264103597524214,
        1.7439329697161305,
        1.734798686844962,
        1.7559052486808933,
        1.719546955458972,
        1.7217403796254371,
        1.716739644809645,
        1.7304565979509938,
        1.7085836249954847,
        1.7091055208322954,
        1.7176306320696462,
        1.7076822689601354,
        1.6950031616249863,
        1.7064748272603871,
        1.6987302887196443,
        1.7039802123089225,
        1.7028651286144645,
        1.6981767634956204,
        1.7009185139013796,
        1.7069979443842052,
        1.698314406433884,
        1.7079598441415904,
        1.6993140858046862
    ],
    "test_accuracy": [
        31.59090909090909,
        30.974025974025974,
        33.701298701298704,
        34.02597402597402,
        36.396103896103895,
        37.4025974025974,
        37.11038961038961,
        39.02597402597402,
        32.98701298701299,
        37.564935064935064,
        37.922077922077925,
        41.13636363636363,
        38.34415584415584,
        39.642857142857146,
        39.74025974025974,
        42.5,
        42.077922077922075,
        42.37012987012987,
        42.66233766233766,
        43.506493506493506,
        41.55844155844156,
        41.396103896103895,
        40.94155844155844,
        42.75974025974026,
        44.285714285714285,
        43.47402597402598,
        42.79220779220779,
        45.48701298701299,
        44.22077922077922,
        42.922077922077925,
        45.357142857142854,
        45.51948051948052,
        46.201298701298704,
        45.032467532467535,
        44.05844155844156,
        45.48701298701299,
        45.58441558441559,
        45.324675324675326,
        44.31818181818182,
        44.9025974025974,
        44.05844155844156,
        45.51948051948052
    ]
}