{
    "trial": [
        42
    ],
    "batch_size": [
        64
    ],
    "optimizer": [
        "RMSprop"
    ],
    "learning rate": [
        7.912611464741857e-05
    ],
    "patience": [
        10
    ],
    "weight_decay": [
        0.0002481692441356868
    ],
    "p_hflip": [
        0.9935978599335324
    ],
    "p_crop": [
        0.030947407176156627
    ],
    "momentum": [
        0.6572477792251439
    ],
    "drop_rate": [
        0.5980347687116246,
        0.5507655803842465,
        0.5262721035543588,
        0.16537989304293865
    ],
    "epochs": [
        1
    ],
    "train_loss": [
        1.8962876567592868
    ],
    "val_loss": [
        1.8622928784818065
    ],
    "test_accuracy": [
        27.5
    ]
}