{
    "trial": [
        30
    ],
    "batch_size": [
        64
    ],
    "optimizer": [
        "Adam"
    ],
    "learning rate": [
        2.400344553632364e-05
    ],
    "patience": [
        10
    ],
    "weight_decay": [
        3.805753769446185e-06
    ],
    "p_hflip": [
        0.4074540246985566
    ],
    "p_crop": [
        0.8514601023432786
    ],
    "momentum": [
        0.6678450843854132
    ],
    "drop_rate": [
        0.3099767618999919,
        0.5970944550770036,
        0.43920429857920684,
        0.21485191956115918
    ],
    "epochs": [
        1
    ],
    "train_loss": [
        1.9290516887392317
    ],
    "val_loss": [
        1.8996496468174213
    ],
    "test_accuracy": [
        25.77922077922078
    ]
}