{
    "trial": [
        4
    ],
    "batch_size": [
        64
    ],
    "optimizer": [
        "SGD"
    ],
    "learning rate": [
        0.0004112099473448187
    ],
    "patience": [
        10
    ],
    "weight_decay": [
        5.728898434357807e-06
    ],
    "p_hflip": [
        0.3170886806268982
    ],
    "p_crop": [
        0.6230645446229957
    ],
    "momentum": [
        0.7727220403316775
    ],
    "drop_rate": [
        0.3366173291396791,
        0.6651540490746328,
        0.18601237144437813,
        0.6660830097255898
    ],
    "epochs": [
        1,
        2,
        3,
        4,
        5,
        6,
        7,
        8,
        9,
        10,
        11,
        12,
        13,
        14,
        15,
        16,
        17,
        18,
        19,
        20,
        21,
        22,
        23,
        24,
        25,
        26,
        27,
        28,
        29,
        30,
        31,
        32,
        33,
        34,
        35,
        36,
        37,
        38,
        39,
        40,
        41,
        42,
        43,
        44,
        45,
        46,
        47,
        48,
        49,
        50,
        51,
        52,
        53,
        54,
        55,
        56,
        57,
        58,
        59,
        60,
        61,
        62,
        63,
        64,
        65,
        66,
        67,
        68,
        69,
        70,
        71,
        72,
        73,
        74,
        75,
        76,
        77,
        78,
        79,
        80,
        81,
        82,
        83,
        84,
        85,
        86,
        87,
        88,
        89,
        90,
        91,
        92,
        93,
        94,
        95,
        96,
        97,
        98,
        99,
        100
    ],
    "train_loss": [
        1.960021793997133,
        1.9551144250027546,
        1.9543880208746178,
        1.9509740089441274,
        1.9459580325461052,
        1.9432983252909277,
        1.9403107711247036,
        1.9367257198730072,
        1.9320784088853118,
        1.92868399403312,
        1.9268332695032095,
        1.9239392215555364,
        1.918991404694396,
        1.9167970004019799,
        1.9183459012539357,
        1.914618738285907,
        1.9099926592467666,
        1.9092709782835726,
        1.9054756861228448,
        1.9053111921657215,
        1.901200388313888,
        1.8968977655683246,
        1.896497734490927,
        1.894987247206948,
        1.8933529370790951,
        1.8891501782776474,
        1.8895315414899356,
        1.8863476778005626,
        1.8835478497790052,
        1.8819541906381583,
        1.8805433682032995,
        1.8792440758123026,
        1.875952756559694,
        1.8770657492922498,
        1.8748013366352427,
        1.874565043387475,
        1.8725836800290392,
        1.8700707327235828,
        1.8671188633163254,
        1.867439369102577,
        1.8673282226958832,
        1.8640780030906974,
        1.863532490544505,
        1.8617889806821748,
        1.858687541701577,
        1.8576997747668973,
        1.856418725732085,
        1.8580506321671721,
        1.855845632181539,
        1.8561854746434596,
        1.8507896048682078,
        1.850440570286342,
        1.8492087726469164,
        1.8480413015786703,
        1.8480184493126808,
        1.8438326919233645,
        1.8420377811828217,
        1.8437179320818418,
        1.8402875522514441,
        1.839872829016153,
        1.8376848648120832,
        1.8365020609521248,
        1.8358923289682958,
        1.8314529840048257,
        1.8311753090325888,
        1.8294767711069677,
        1.828949130045903,
        1.827512271992572,
        1.827916923126617,
        1.827789366400087,
        1.8242459343625355,
        1.8243140969957625,
        1.8231389324386398,
        1.8186812667103558,
        1.8191650186266217,
        1.8155560713309746,
        1.8162744190785791,
        1.8122850027951327,
        1.8139908515013659,
        1.8095858437674386,
        1.8106701231622078,
        1.8068436765051508,
        1.8072688016024503,
        1.804829890387399,
        1.8043560309843583,
        1.8026350553933677,
        1.801438292899689,
        1.800685234812947,
        1.7984957013811385,
        1.7949238866954655,
        1.7918260243031885,
        1.794312520460649,
        1.789189388844874,
        1.7902894908731635,
        1.7879144389908035,
        1.7883794546127318,
        1.7838784106366046,
        1.7837318132450055,
        1.780954092818421,
        1.7802407004616476
    ],
    "val_loss": [
        1.944984192750892,
        1.9393194524609312,
        1.9352802524761277,
        1.9334585642328068,
        1.9301940324355145,
        1.9310982665237115,
        1.9247337652712453,
        1.9210041542442478,
        1.9164879930262664,
        1.9107198155656153,
        1.9070658562134724,
        1.9043780370634429,
        1.9021569028192638,
        1.8973844586586466,
        1.8961672953196935,
        1.8959093458798466,
        1.8948131410443052,
        1.891380991254534,
        1.8893707358107275,
        1.883418049131121,
        1.8841161849547405,
        1.8821149431929296,
        1.8812540234351645,
        1.8791144940317894,
        1.8758364064352853,
        1.875748155068378,
        1.87513048064952,
        1.8690277556983792,
        1.8713897661286958,
        1.8667324367834597,
        1.8639359571495835,
        1.8645275052712889,
        1.866490699806992,
        1.8605288729375722,
        1.8644566025052751,
        1.8587732096107639,
        1.8576286885203148,
        1.8582049048676783,
        1.856923188482012,
        1.8601860610806211,
        1.8520214606304557,
        1.855810518167457,
        1.8528756073543005,
        1.8530342554559514,
        1.8496196683572264,
        1.853343394337868,
        1.8493314640862601,
        1.8443407890748005,
        1.8418374888750972,
        1.843858611826994,
        1.8361653989675093,
        1.8445489990467927,
        1.8358517252669042,
        1.836962028425567,
        1.8363476553741767,
        1.8376603686079687,
        1.8309830281199242,
        1.8395847666020295,
        1.8430337103045717,
        1.834106671566866,
        1.8316545340479637,
        1.8353390669336125,
        1.8274022292117684,
        1.820402276759245,
        1.8213352354205385,
        1.818069263380401,
        1.8248850447790963,
        1.819576005546414,
        1.8187923407068058,
        1.8170606822383648,
        1.813326358795166,
        1.812952421149429,
        1.8129851745099437,
        1.812335223567729,
        1.805532187831645,
        1.8079652688941177,
        1.8106011249581162,
        1.805331984344794,
        1.8069284570460418,
        1.7995383471858746,
        1.8054813706144994,
        1.7961577225704581,
        1.795478638337583,
        1.7954904181616647,
        1.7956666143573061,
        1.79628032810834,
        1.7898100152307628,
        1.7956193198963089,
        1.7918036811205806,
        1.7900123036637599,
        1.7998684863654935,
        1.7871085040423336,
        1.7926646446695134,
        1.7781726340858304,
        1.7822246405543114,
        1.8045822454958547,
        1.7929537369280446,
        1.7768556049891882,
        1.781706063114867,
        1.7868271701189937
    ],