{
    "trial": [
        13
    ],
    "batch_size": [
        64
    ],
    "optimizer": [
        "RMSprop"
    ],
    "learning rate": [
        8.83171746491169e-05
    ],
    "patience": [
        10
    ],
    "weight_decay": [
        0.00023500953491502536
    ],
    "p_hflip": [
        0.9991232694626052
    ],
    "p_crop": [
        0.01196136553858533
    ],
    "momentum": [
        0.644048894789046
    ],
    "drop_rate": [
        0.5892816275588635,
        0.5719642484350895,
        0.6102862617769925,
        0.10437965788241826
    ],
    "epochs": [
        1,
        2,
        3,
        4,
        5,
        6,
        7,
        8,
        9,
        10,
        11,
        12,
        13,
        14,
        15,
        16,
        17,
        18,
        19,
        20,
        21,
        22,
        23,
        24,
        25,
        26,
        27,
        28,
        29
    ],
    "train_loss": [
        1.8970171881960585,
        1.8517606143827563,
        1.8235405200487607,
        1.8046348373611252,
        1.783417329850135,
        1.7680032618634112,
        1.7537182569503784,
        1.7431601905203484,
        1.7303026221015236,
        1.7153922604275988,
        1.6995629948455018,
        1.6870750229080003,
        1.6727977727914785,
        1.6559274023229427,
        1.6404392050458239,
        1.6231751284041962,
        1.6029890509394855,
        1.5876621868703273,
        1.5712855568179835,
        1.5558195095557672,
        1.5371361741771945,
        1.5176957944770912,
        1.5101731631662938,
        1.4972601909142036,
        1.4857060026812863,
        1.470672243601316,
        1.4615231219824258,
        1.4487627614628185,
        1.4429205770616407
    ],
    "val_loss": [
        1.8717717929762236,
        1.8703767620787328,
        1.8106133451267166,
        1.7989228598925533,
        1.7835054835494684,
        1.7707005155329802,
        1.7745190518242973,
        1.7633981534412928,
        1.7530480039363006,
        1.7771138415044667,
        1.7869047340081663,
        1.7297163544868936,
        1.7899350268500192,
        1.7431648215469049,
        1.7340629271098547,
        1.7279770131013832,
        1.7359341091039229,
        1.7406082810187826,
        1.7179216827665056,
        1.7446975683679387,
        1.76195312762747,
        1.7727673321354145,
        1.7514101656115786,
        1.7384182579663334,
        1.7529187056483055,
        1.7320732121564903,
        1.743356772831508,
        1.7361697737051516,
        1.7329449604968636
    ],
    "test_accuracy": [
        29.545454545454547,
        29.025974025974026,
        33.37662337662338,
        34.285714285714285,
        36.07142857142857,
        37.175324675324674,
        36.396103896103895,
        38.701298701298704,
        40.84415584415584,
        37.01298701298701,
        36.85064935064935,
        41.55844155844156,
        37.66233766233766,
        41.07142857142857,
        42.824675324675326,
        43.73376623376623,
        42.5,
        42.467532467532465,
        43.76623376623377,
        42.5,
        39.51298701298701,
        37.4025974025974,
        40.51948051948052,
        42.11038961038961,
        40.45454545454545,
        41.94805194805195,
        42.857142857142854,
        40.97402597402598,
        41.65584415584416
    ]
}