{
    "trial": [
        24
    ],
    "batch_size": [
        64
    ],
    "optimizer": [
        "Adam"
    ],
    "learning rate": [
        0.0002719476260418514
    ],
    "patience": [
        10
    ],
    "weight_decay": [
        1.1034421444306807e-05
    ],
    "p_hflip": [
        0.8869989048297462
    ],
    "p_crop": [
        0.18052364594625783
    ],
    "momentum": [
        0.6767376010377382
    ],
    "drop_rate": [
        0.452362190055656,
        0.6194815961822514,
        0.3357243505989603,
        0.40629134982268106
    ],
    "epochs": [
        1
    ],
    "train_loss": [
        1.8924712286367045
    ],
    "val_loss": [
        1.8788870913641793
    ],
    "test_accuracy": [
        26.59090909090909
    ]
}