{
    "trial": [
        17
    ],
    "batch_size": [
        64
    ],
    "optimizer": [
        "RMSprop"
    ],
    "learning rate": [
        0.0001
    ],
    "patience": [
        10
    ],
    "epochs": [
        1,
        2,
        3,
        4,
        5,
        6,
        7,
        8,
        9,
        10,
        11,
        12,
        13,
        14,
        15
    ],
    "train_loss": [
        3.634472665786743,
        2.921296631495158,
        2.7365282917022706,
        2.5128807544708254,
        2.1798037083943687,
        1.5884727621078492,
        0.8710876266161601,
        0.3783709575732549,
        0.22971260430912177,
        0.14186368169883887,
        0.17785550684978566,
        0.046227116035297514,
        0.18234302845938752,
        0.032982577327638866,
        0.026499563060545673
    ],
    "val_loss": [
        3.0862571239471435,
        2.8712117671966553,
        2.895898675918579,
        2.661852788925171,
        2.6128653287887573,
        2.8371432304382322,
        3.085647392272949,
        4.750375914573669,
        4.020177125930786,
        4.492149567604065,
        4.839593434333802,
        5.257749843597412,
        4.719088888168335,
        5.290969562530518,
        5.16426830291748
    ],
    "test_accuracy": [
        17.0,
        20.666666666666668,
        25.333333333333332,
        25.666666666666668,
        26.666666666666668,
        31.0,
        28.0,
        25.333333333333332,
        28.666666666666668,
        26.333333333333332,
        26.666666666666668,
        27.333333333333332,
        32.0,
        28.333333333333332,
        27.333333333333332
    ]
}