{
    "trial": [
        6
    ],
    "batch_size": [
        128
    ],
    "optimizer": [
        "RMSprop"
    ],
    "learning rate": [
        0.0001
    ],
    "patience": [
        10
    ],
    "epochs": [
        1,
        2,
        3,
        4,
        5,
        6,
        7,
        8,
        9,
        10,
        11,
        12,
        13,
        14,
        15
    ],
    "train_loss": [
        3.902923672993978,
        2.881397240956624,
        2.652102336883545,
        2.3867203044891356,
        2.0073869037628174,
        1.4045338773727416,
        0.7568377403418223,
        0.3133132957915465,
        0.2579267551253239,
        0.08837934164951244,
        0.5585135705241313,
        0.06133005030453205,
        0.02133890470334639,
        0.22508384436213721,
        0.032357393307611344
    ],
    "val_loss": [
        2.9949060440063477,
        2.8192904710769655,
        2.631492185592651,
        2.6334157943725587,
        2.54955575466156,
        2.5877668142318724,
        2.942776250839233,
        5.6882720470428465,
        3.849128317832947,
        4.372867846488953,
        3.733872485160828,
        4.026360630989075,
        4.4762850522995,
        4.052082538604736,
        4.771227478981018
    ],
    "test_accuracy": [
        19.0,
        22.333333333333332,
        24.0,
        26.666666666666668,
        28.0,
        30.0,
        28.333333333333332,
        16.333333333333332,
        28.666666666666668,
        30.0,
        29.666666666666668,
        31.0,
        28.0,
        28.0,
        29.333333333333332
    ]
}