{
    "trial": [
        5
    ],
    "batch_size": [
        128
    ],
    "optimizer": [
        "Adam"
    ],
    "learning rate": [
        0.001
    ],
    "patience": [
        10
    ],
    "epochs": [
        1,
        2,
        3,
        4,
        5,
        6,
        7,
        8,
        9,
        10,
        11,
        12,
        13,
        14,
        15,
        16,
        17,
        18
    ],
    "train_loss": [
        3.812242660522461,
        3.0886578369140625,
        3.004568955103556,
        2.9253379027048747,
        2.862703965504964,
        2.7587378056844076,
        2.6422881762186687,
        2.4891153303782145,
        2.1815935150782266,
        1.6223348887761433,
        1.0651908405621846,
        0.6729560639460882,
        0.425054399172465,
        0.29054649685819944,
        0.1917978131895264,
        0.1096517847913007,
        0.1566796210904916,
        0.13813729828223587
    ],
    "val_loss": [
        3.1575590133666993,
        3.0135552406311037,
        3.0857815980911254,
        2.8936301469802856,
        2.89583535194397,
        2.8116499185562134,
        2.8827927827835085,
        2.8032625198364256,
        3.031409978866577,
        3.628823757171631,
        4.268345475196838,
        4.738797569274903,
        6.640826845169068,
        6.508794641494751,
        7.800389003753662,
        8.230692291259766,
        9.513558626174927,
        7.302335023880005
    ],
    "test_accuracy": [
        8.333333333333334,
        13.666666666666666,
        7.0,
        17.666666666666668,
        22.0,
        19.666666666666668,
        21.333333333333332,
        23.666666666666668,
        23.666666666666668,
        22.0,
        23.333333333333332,
        25.333333333333332,
        20.666666666666668,
        22.666666666666668,
        18.666666666666668,
        19.666666666666668,
        19.333333333333332,
        23.333333333333332
    ]
}