{
    "trial": [
        25
    ],
    "batch_size": [
        32
    ],
    "optimizer": [
        "SGD"
    ],
    "learning rate": [
        0.01
    ],
    "patience": [
        10
    ],
    "epochs": [
        1,
        2,
        3
    ],
    "train_loss": [
        3.380770394007365,
        3.0806114800771076,
        2.899278882344564
    ],
    "val_loss": [
        3.0403908252716065,
        2.9821639537811278,
        3.031244730949402
    ],
    "test_accuracy": [
        11.666666666666666,
        16.666666666666668,
        16.0
    ]
}