{
    "trial": [
        13
    ],
    "batch_size": [
        64
    ],
    "optimizer": [
        "Adamax"
    ],
    "learning rate": [
        0.01
    ],
    "patience": [
        10
    ],
    "epochs": [
        1,
        2
    ],
    "train_loss": [
        199.99217227300008,
        3.186695063908895
    ],
    "val_loss": [
        3.1506137609481812,
        3.1464675664901733
    ],
    "test_accuracy": [
        10.0,
        10.0
    ]
}