{
    "trial": [
        2
    ],
    "batch_size": [
        64
    ],
    "optimizer": [
        "RMSprop"
    ],
    "learning rate": [
        0.01
    ],
    "patience": [
        10
    ],
    "epochs": [
        1,
        2,
        3,
        4,
        5,
        6,
        7,
        8,
        9,
        10,
        11,
        12,
        13,
        14,
        15,
        16,
        17,
        18,
        19,
        20,
        21,
        22,
        23,
        24,
        25,
        26,
        27,
        28,
        29,
        30,
        31,
        32,
        33,
        34,
        35,
        36,
        37,
        38,
        39
    ],
    "train_loss": [
        156817176.70007956,
        3.8662482674916587,
        3.2712552165985107,
        3.2167689196268716,
        3.194723587036133,
        3.184415594736735,
        3.179155314763387,
        3.175960753758748,
        3.209610996246338,
        3.1733139260609944,
        3.1721602376302083,
        3.171973247528076,
        3.171850678126017,
        3.1715604082743325,
        3.171352179845174,
        3.170985164642334,
        3.1708114306132,
        3.1710982163747152,
        3.1708694807688396,
        3.170850410461426,
        3.1709177271525064,
        3.1709481875101724,
        3.170891056060791,
        3.1707350699106853,
        3.1708115927378335,
        3.1705188433329266,
        3.171102352142334,
        3.1709251594543457,
        3.1707011127471922,
        3.171219129562378,
        3.170863456726074,
        3.1706258869171142,
        3.1708667182922365,
        3.1705683135986327,
        3.1707748858133953,
        3.1709355386098226,
        3.1708096249898277,
        3.170937099456787,
        3.17079527537028
    ],
    "val_loss": [
        3.478222370147705,
        3.280353283882141,
        3.2048056364059447,
        3.1749292373657227,
        3.161997842788696,
        3.154707932472229,
        3.1494221448898316,
        3.1468876361846925,
        3.1459309577941896,
        3.1457202196121217,
        3.1448405742645265,
        3.1435044527053835,
        3.1405280351638796,
        3.1397935152053833,
        3.140741753578186,
        3.1380404472351073,
        3.138813853263855,
        3.1415193557739256,
        3.141173005104065,
        3.14195716381073,
        3.139964151382446,
        3.139384722709656,
        3.1380324363708496,
        3.139445447921753,
        3.1395337104797365,
        3.1379937410354612,
        3.1377013444900514,
        3.1383997440338134,
        3.13715660572052,
        3.138682556152344,
        3.1378320455551147,
        3.137270927429199,
        3.1386802911758425,
        3.138444423675537,
        3.1391180753707886,
        3.137645387649536,
        3.137595200538635,
        3.1388163566589355,
        3.1408424377441406
    ],
    "test_accuracy": [
        6.666666666666667,
        8.666666666666666,
        5.666666666666667,
        10.0,
        10.0,
        10.0,
        10.0,
        10.0,
        10.0,
        10.0,
        10.0,
        10.0,
        10.0,
        10.0,
        10.0,
        10.0,
        10.0,
        10.0,
        10.0,
        10.0,
        10.0,
        10.0,
        10.0,
        10.0,
        10.0,
        10.0,
        10.0,
        10.0,
        10.0,
        10.0,
        10.0,
        10.0,
        10.0,
        10.0,
        10.0,
        10.0,
        10.0,
        10.0,
        10.0
    ]
}