{
    "trial": [
        22
    ],
    "batch_size": [
        128
    ],
    "optimizer": [
        "Adam"
    ],
    "learning rate": [
        0.01
    ],
    "patience": [
        10
    ],
    "epochs": [
        1,
        2
    ],
    "train_loss": [
        350.88350042343137,
        3.1933355077107746
    ],
    "val_loss": [
        3.148044967651367,
        3.132664155960083
    ],
    "test_accuracy": [
        10.0,
        10.0
    ]
}