{
    "trial": [
        7
    ],
    "batch_size": [
        128
    ],
    "optimizer": [
        "SGD"
    ],
    "learning rate": [
        0.01
    ],
    "patience": [
        10
    ],
    "epochs": [
        1,
        2,
        3,
        4,
        5,
        6,
        7,
        8,
        9,
        10,
        11,
        12,
        13,
        14,
        15
    ],
    "train_loss": [
        3.349657522837321,
        2.962093203862508,
        2.867439937591553,
        2.7400359853108722,
        2.638667065302531,
        2.4762709538141885,
        2.2683690468470257,
        2.1338692903518677,
        1.6545960609118144,
        1.4662478979428608,
        0.8288629921277364,
        0.5528303066889445,
        0.37561892554163934,
        0.3880614100396633,
        0.4426674541334311
    ],
    "val_loss": [
        3.155954933166504,
        2.9682729721069334,
        2.87319872379303,
        2.768449306488037,
        2.7121368169784548,
        2.7772636890411375,
        2.7959359169006346,
        2.790321946144104,
        3.226280379295349,
        3.779385781288147,
        3.69081027507782,
        4.535709309577942,
        3.768979072570801,
        6.123352527618408,
        5.577002358436585
    ],
    "test_accuracy": [
        10.333333333333334,
        17.333333333333332,
        23.333333333333332,
        22.333333333333332,
        27.333333333333332,
        24.333333333333332,
        25.0,
        25.333333333333332,
        24.666666666666668,
        22.0,
        20.666666666666668,
        24.0,
        21.333333333333332,
        19.333333333333332,
        19.333333333333332
    ]
}