{
    "trial": [
        3
    ],
    "batch_size": [
        64
    ],
    "optimizer": [
        "RMSprop"
    ],
    "learning rate": [
        0.1
    ],
    "patience": [
        10
    ],
    "epochs": [
        1,
        2,
        3,
        4,
        5,
        6,
        7,
        8,
        9,
        10,
        11,
        12,
        13,
        14,
        15,
        16,
        17,
        18,
        19,
        20,
        21,
        22,
        23,
        24,
        25,
        26,
        27,
        28,
        29,
        30,
        31,
        32,
        33,
        34,
        35,
        36
    ],
    "train_loss": [
        899402029381569.1,
        109223166.69177192,
        282093.70174298604,
        42186.34329275131,
        76256.311373895,
        35880.84395580292,
        14365.330997540155,
        2503.2801275221505,
        11223.447357683182,
        6607.315504744847,
        557.3440497557323,
        57.564128713607786,
        4976.885792675018,
        3.1941125933329264,
        13689.206728076935,
        27614.83403039932,
        1523.1474311828613,
        3.196382897694906,
        3.1986951065063476,
        24095.846370302836,
        3.1980380821228027,
        9778.615764722825,
        5355.9325630855565,
        3.199364121754964,
        3.201345545450846,
        3.196119810740153,
        3.1969413153330484,
        992.2759359169006,
        3.197451941172282,
        3.197324498494466,
        3.200442705154419,
        3.2003766759236654,
        3.197639363606771,
        3.2006014664967855,
        894.7575995985667,
        3.1928935050964355
    ],
    "val_loss": [
        79902527.72829735,
        42832711.43562891,
        42695162.21675501,
        42791212.945787266,
        42763993.790404275,
        42769051.891683176,
        42747892.540135935,
        41863816.103300594,
        41801953.94971442,
        41608827.10310302,
        41605444.361079074,
        41605444.37558899,
        41124187.947964884,
        41124187.9428875,
        41058717.056604885,
        40131070.975859664,
        40023509.25911355,
        40023509.270181276,
        40023509.266321994,
        40371294.099397704,
        40371294.11209063,
        34491971.38848376,
        33533404.267640185,
        33533404.26278448,
        33533404.26598213,
        33533404.240473915,
        33533404.270846296,
        42176943.819498226,
        42176943.80248997,
        42176943.80750825,
        42176943.81776516,
        42176943.81692426,
        42176943.7997432,
        42176943.80517256,
        38679113.26608579,
        38679113.28185718
    ],
    "test_accuracy": [
        9.666666666666666,
        9.666666666666666,
        9.666666666666666,
        9.666666666666666,
        5.666666666666667,
        9.666666666666666,
        9.666666666666666,
        9.666666666666666,
        5.666666666666667,
        9.666666666666666,
        9.666666666666666,
        9.666666666666666,
        5.666666666666667,
        9.666666666666666,
        5.666666666666667,
        9.666666666666666,
        5.666666666666667,
        9.666666666666666,
        9.666666666666666,
        9.666666666666666,
        9.666666666666666,
        9.666666666666666,
        9.666666666666666,
        5.666666666666667,
        9.666666666666666,
        9.666666666666666,
        5.666666666666667,
        8.666666666666666,
        9.666666666666666,
        9.666666666666666,
        9.666666666666666,
        5.666666666666667,
        9.666666666666666,
        9.666666666666666,
        9.666666666666666,
        9.666666666666666
    ]
}