{
    "trial": [
        33
    ],
    "batch_size": [
        32
    ],
    "optimizer": [
        "Adam"
    ],
    "learning rate": [
        0.0001
    ],
    "patience": [
        10
    ],
    "epochs": [
        1,
        2,
        3,
        4,
        5,
        6,
        7,
        8,
        9,
        10,
        11,
        12,
        13,
        14
    ],
    "train_loss": [
        3.1764528274536135,
        2.6898794333140055,
        2.355432810783386,
        1.9291207679112752,
        1.2935863701502481,
        0.663757240374883,
        0.26391865452130636,
        0.11088521634538968,
        0.04219180809954802,
        0.09612336223945021,
        0.031577561114293835,
        0.022339129126630723,
        0.02648796468662719,
        0.022924802168272435
    ],
    "val_loss": [
        3.0094942808151246,
        2.7125078678131103,
        2.550610089302063,
        2.4686886429786683,
        2.66732497215271,
        3.1257802486419677,
        3.384415602684021,
        3.7266937494277954,
        4.117753958702087,
        4.034944820404053,
        4.305457282066345,
        5.143917059898376,
        4.245879054069519,
        4.221296906471252
    ],
    "test_accuracy": [
        20.333333333333332,
        27.333333333333332,
        30.333333333333332,
        33.333333333333336,
        29.333333333333332,
        26.666666666666668,
        27.333333333333332,
        29.0,
        26.666666666666668,
        30.333333333333332,
        32.333333333333336,
        27.666666666666668,
        31.666666666666668,
        30.0
    ]
}