{
    "trial": [
        38
    ],
    "batch_size": [
        64
    ],
    "optimizer": [
        "Adamax"
    ],
    "learning rate": [
        0.001
    ],
    "patience": [
        10
    ],
    "epochs": [
        1,
        2
    ],
    "train_loss": [
        5.522081527709961,
        2.8450049591064452
    ],
    "val_loss": [
        2.569909989833832,
        2.46722149848938
    ],
    "test_accuracy": [
        12.0,
        23.0
    ]
}