{
    "trial": [
        10
    ],
    "batch_size": [
        32
    ],
    "optimizer": [
        "Adamax"
    ],
    "learning rate": [
        0.01
    ],
    "patience": [
        10
    ],
    "epochs": [
        1,
        2
    ],
    "train_loss": [
        445.2855733648936,
        3.1887595494588217
    ],
    "val_loss": [
        3.162992835044861,
        3.138067889213562
    ],
    "test_accuracy": [
        10.0,
        10.0
    ]
}