{
    "trial": [
        12
    ],
    "batch_size": [
        128
    ],
    "optimizer": [
        "Adam"
    ],
    "learning rate": [
        0.0001
    ],
    "patience": [
        10
    ],
    "epochs": [
        1,
        2,
        3,
        4,
        5,
        6,
        7,
        8,
        9,
        10,
        11,
        12,
        13
    ],
    "train_loss": [
        3.1712154165903725,
        2.691525691350301,
        2.350961127281189,
        1.952192850112915,
        1.397485186258952,
        0.7552540445327759,
        0.31319836229085923,
        0.18481609545648098,
        0.09235819303741058,
        0.060973794758319856,
        0.050399889269222814,
        0.026418466676647465,
        0.01308460689925899
    ],
    "val_loss": [
        2.9817617177963256,
        2.7856708765029907,
        2.5568748235702516,
        2.603089165687561,
        2.6509429693222044,
        3.06758828163147,
        3.586144042015076,
        3.9903871774673463,
        4.256108951568604,
        5.309227156639099,
        4.807040405273438,
        4.633017468452453,
        4.911598420143127
    ],
    "test_accuracy": [
        21.666666666666668,
        23.666666666666668,
        27.666666666666668,
        25.666666666666668,
        29.333333333333332,
        33.666666666666664,
        31.333333333333332,
        29.0,
        29.666666666666668,
        27.666666666666668,
        31.333333333333332,
        31.0,
        30.666666666666668
    ]
}