{
    "trial": [
        15
    ],
    "batch_size": [
        32
    ],
    "optimizer": [
        "RMSprop"
    ],
    "learning rate": [
        0.0001
    ],
    "patience": [
        10
    ],
    "epochs": [
        1,
        2,
        3,
        4,
        5,
        6,
        7,
        8,
        9,
        10,
        11,
        12,
        13,
        14,
        15
    ],
    "train_loss": [
        3.6951808675130207,
        2.860906785329183,
        2.667795000076294,
        2.4148322407404583,
        2.0792720699310303,
        1.4799022420247396,
        0.8084425433476766,
        0.38390891402959826,
        0.21756046560903392,
        0.07936729589477182,
        0.08270536886838575,
        0.11892419594650468,
        0.29609644421686726,
        0.0705326680559665,
        0.022962065922717254
    ],
    "val_loss": [
        3.026876211166382,
        2.835409331321716,
        2.6571874141693117,
        2.6532346487045286,
        2.5210231065750124,
        2.915329098701477,
        2.9257285594940186,
        3.1849948883056642,
        3.521991157531738,
        4.32229471206665,
        4.460876250267029,
        4.3775712013244625,
        3.1530722856521605,
        4.32034273147583,
        4.65990309715271
    ],
    "test_accuracy": [
        15.333333333333334,
        24.0,
        25.333333333333332,
        26.666666666666668,
        28.0,
        28.333333333333332,
        26.0,
        25.0,
        27.666666666666668,
        27.0,
        26.333333333333332,
        27.333333333333332,
        27.0,
        28.333333333333332,
        27.333333333333332
    ]
}