{
    "trial": [
        1
    ],
    "batch_size": [
        32
    ],
    "optimizer": [
        "SGD"
    ],
    "learning rate": [
        0.001
    ],
    "patience": [
        10
    ],
    "epochs": [
        1,
        2,
        3,
        4,
        5,
        6,
        7,
        8,
        9,
        10,
        11,
        12,
        13,
        14,
        15,
        16,
        17,
        18
    ],
    "train_loss": [
        3.647973445256551,
        3.117220945358276,
        3.009262819290161,
        2.9274460887908935,
        2.8321988105773928,
        2.718696517944336,
        2.58667379061381,
        2.517325359980265,
        2.376949189503988,
        2.223507472674052,
        2.162565819422404,
        1.9654941097895304,
        1.7570584932963054,
        1.5797077051798503,
        1.3459478942553202,
        1.1517141171296437,
        1.0777426755428314,
        0.8127925968170167
    ],
    "val_loss": [
        3.18590304851532,
        3.0859238147735595,
        3.002126622200012,
        3.1175781965255736,
        2.876496958732605,
        2.7990158081054686,
        2.8814791679382323,
        2.768481492996216,
        2.8319529056549073,
        2.7695820331573486,
        2.84045467376709,
        2.9283929586410524,
        3.3279593229293822,
        3.0942545175552367,
        3.1948788166046143,
        3.226246213912964,
        3.8514100551605224,
        3.5772226572036745
    ],
    "test_accuracy": [
        9.333333333333334,
        13.666666666666666,
        19.333333333333332,
        18.0,
        26.666666666666668,
        26.0,
        23.666666666666668,
        22.666666666666668,
        20.0,
        26.0,
        24.333333333333332,
        27.666666666666668,
        24.333333333333332,
        22.666666666666668,
        25.666666666666668,
        26.0,
        24.666666666666668,
        24.333333333333332
    ]
}