{
    "trial": [
        0
    ],
    "batch_size": [
        64
    ],
    "optimizer": [
        "Adam"
    ],
    "learning rate": [
        0.1
    ],
    "patience": [
        10
    ],
    "epochs": [
        1,
        2,
        3,
        4,
        5,
        6,
        7,
        8,
        9,
        10,
        11,
        12,
        13,
        14
    ],
    "train_loss": [
        820065567.3505263,
        67.2801847521464,
        75.90818394343059,
        10.622865285873413,
        35.112387011845904,
        35.299794104894005,
        42.165895280838015,
        20.531522159576415,
        15.73699906984965,
        34.02358614285787,
        3.199528449376424,
        3.1975546137491864,
        3.1985891342163084,
        3.1945983028411864
    ],
    "val_loss": [
        5.954050207138062,
        3.149493408203125,
        3.152715969085693,
        3.1313693523406982,
        3.1578940629959105,
        3.145363426208496,
        3.158012270927429,
        3.1421153068542482,
        3.1384398221969603,
        3.147325038909912,
        3.165635323524475,
        3.1558727979660035,
        3.13195116519928,
        3.1449634075164794
    ],
    "test_accuracy": [
        5.666666666666667,
        9.666666666666666,
        10.0,
        10.0,
        10.0,
        10.0,
        10.0,
        10.0,
        10.0,
        10.0,
        10.0,
        10.0,
        10.0,
        10.0
    ]
}