{
    "trial": [
        27
    ],
    "batch_size": [
        64
    ],
    "optimizer": [
        "Adam"
    ],
    "learning rate": [
        0.01
    ],
    "patience": [
        10
    ],
    "epochs": [
        1,
        2
    ],
    "train_loss": [
        189.38043665885925,
        3.2000193881988523
    ],
    "val_loss": [
        3.1415649175643923,
        3.141983699798584
    ],
    "test_accuracy": [
        10.0,
        10.0
    ]
}