{
    "trial": [
        4
    ],
    "batch_size": [
        128
    ],
    "optimizer": [
        "SGD"
    ],
    "learning rate": [
        0.0001
    ],
    "patience": [
        10
    ],
    "epochs": [
        1,
        2,
        3,
        4,
        5,
        6,
        7,
        8,
        9,
        10,
        11,
        12,
        13,
        14,
        15,
        16,
        17,
        18,
        19,
        20,
        21,
        22,
        23,
        24,
        25,
        26,
        27,
        28,
        29,
        30,
        31,
        32,
        33,
        34,
        35,
        36
    ],
    "train_loss": [
        4.203307329813639,
        3.946848077774048,
        3.5040551249186196,
        3.2651020749409994,
        3.1637940851847333,
        3.116315352121989,
        3.0785285154978435,
        3.0509503078460694,
        3.0317720317840577,
        3.007571808497111,
        2.9858732573191324,
        2.969646774927775,
        2.9505484612782795,
        2.9303999360402426,
        2.906856727600098,
        2.887194747924805,
        2.8636655298868816,
        2.8399140707651775,
        2.8109113629659017,
        2.7824706586201984,
        2.756702292760213,
        2.72034023920695,
        2.6863258775075276,
        2.652130896250407,
        2.610874621073405,
        2.5568232027689617,
        2.529681173960368,
        2.484932470321655,
        2.429586663246155,
        2.374067088762919,
        2.328475160598755,
        2.2516668876012167,
        2.1788010613123574,
        2.1020635668436687,
        2.045204529762268,
        1.9453622754414877
    ],
    "val_loss": [
        4.156557893753051,
        3.825507307052612,
        3.3885191917419433,
        3.231919765472412,
        3.1445791721343994,
        3.1168717622756956,
        3.077539014816284,
        3.0602864027023315,
        3.0489365816116334,
        3.0184752464294435,
        3.010983204841614,
        3.002424788475037,
        2.9900022745132446,
        2.9696313619613646,
        2.9592200994491575,
        2.9332621574401854,
        2.9043401718139648,
        2.8930016040802,
        2.899068999290466,
        2.8717129945755007,
        2.875142765045166,
        2.839096713066101,
        2.8733246326446533,
        2.8502887010574343,
        2.843222737312317,
        2.8254937887191773,
        2.850544834136963,
        2.8946491956710814,
        2.941080641746521,
        2.8787729024887083,
        2.8789960622787474,
        2.938698649406433,
        2.9377792119979858,
        3.0141238451004027,
        3.117997980117798,
        3.0750361919403075
    ],
    "test_accuracy": [
        10.0,
        10.0,
        10.0,
        13.333333333333334,
        10.0,
        12.0,
        13.666666666666666,
        15.0,
        14.666666666666666,
        14.333333333333334,
        16.666666666666668,
        18.333333333333332,
        19.666666666666668,
        17.0,
        21.333333333333332,
        22.0,
        20.0,
        21.666666666666668,
        21.333333333333332,
        22.666666666666668,
        23.666666666666668,
        23.0,
        22.666666666666668,
        25.333333333333332,
        24.333333333333332,
        23.333333333333332,
        23.333333333333332,
        23.0,
        20.666666666666668,
        21.0,
        25.333333333333332,
        23.333333333333332,
        24.0,
        22.333333333333332,
        20.0,
        22.333333333333332
    ]
}