{
    "trial": [
        32
    ],
    "batch_size": [
        128
    ],
    "optimizer": [
        "RMSprop"
    ],
    "learning rate": [
        0.001
    ],
    "patience": [
        10
    ],
    "epochs": [
        1,
        2
    ],
    "train_loss": [
        272.1559825070699,
        3.092785873413086
    ],
    "val_loss": [
        3.131877374649048,
        3.0914551496505736
    ],
    "test_accuracy": [
        13.666666666666666,
        12.333333333333334
    ]
}