{
    "trial": [
        41
    ],
    "batch_size": [
        64
    ],
    "optimizer": [
        "Adamax"
    ],
    "learning rate": [
        0.0001
    ],
    "patience": [
        10
    ],
    "epochs": [
        1,
        2
    ],
    "train_loss": [
        2.9521381759643557,
        2.434600033760071
    ],
    "val_loss": [
        2.436687469482422,
        2.3317319750785828
    ],
    "test_accuracy": [
        32.0,
        29.0
    ]
}