{
    "trial": [
        29
    ],
    "batch_size": [
        64
    ],
    "optimizer": [
        "Adam"
    ],
    "learning rate": [
        0.0001
    ],
    "patience": [
        10
    ],
    "epochs": [
        1,
        2,
        3,
        4,
        5,
        6,
        7,
        8,
        9,
        10,
        11,
        12,
        13,
        14
    ],
    "train_loss": [
        3.2507752418518066,
        2.688100331624349,
        2.3053573401769003,
        1.7961209106445313,
        1.0578991444905599,
        0.48711450477441154,
        0.19388826807339987,
        0.154787460193038,
        0.05021836936473847,
        0.0528688153407226,
        0.03138892071011166,
        0.02568581245994816,
        0.015220598788776745,
        0.056450866744853556
    ],
    "val_loss": [
        3.0121990442276,
        2.6973033905029298,
        2.594125270843506,
        2.5160004615783693,
        2.838843321800232,
        3.6060156345367433,
        4.1738290071487425,
        3.8052348136901855,
        4.578825378417969,
        4.471188640594482,
        4.958780765533447,
        4.948085069656372,
        5.215308094024659,
        4.799089884757995
    ],
    "test_accuracy": [
        23.333333333333332,
        24.333333333333332,
        28.0,
        30.333333333333332,
        30.666666666666668,
        27.0,
        28.0,
        30.666666666666668,
        29.666666666666668,
        30.333333333333332,
        28.666666666666668,
        30.0,
        30.333333333333332,
        28.333333333333332
    ]
}