{
    "trial": [
        8
    ],
    "batch_size": [
        32
    ],
    "optimizer": [
        "Adamax"
    ],
    "learning rate": [
        0.001
    ],
    "patience": [
        10
    ],
    "epochs": [
        1,
        2,
        3,
        4,
        5,
        6,
        7,
        8,
        9,
        10,
        11,
        12,
        13,
        14,
        15,
        16
    ],
    "train_loss": [
        3.6625470161437987,
        2.8337167421976726,
        2.650702706972758,
        2.413586220741272,
        2.16848717212677,
        1.8370287895202637,
        1.4546523984273274,
        0.9660466702779135,
        0.5700607812404632,
        0.2937250227232774,
        0.1797700131436189,
        0.11986975339551767,
        0.0786574740956227,
        0.08214670297689736,
        0.07688051929076513,
        0.03956384565681219
    ],
    "val_loss": [
        2.9987168312072754,
        2.7854171991348267,
        2.6584587335586547,
        2.6138387441635134,
        2.536061406135559,
        2.5158453226089477,
        3.0000348567962645,
        3.2224942684173583,
        3.395534372329712,
        4.154638814926147,
        5.050944495201111,
        4.966011810302734,
        5.454968690872192,
        5.223827266693116,
        5.839038681983948,
        5.571602392196655
    ],
    "test_accuracy": [
        14.333333333333334,
        24.0,
        26.333333333333332,
        27.333333333333332,
        29.666666666666668,
        28.666666666666668,
        28.666666666666668,
        28.333333333333332,
        24.333333333333332,
        25.0,
        29.333333333333332,
        29.0,
        26.666666666666668,
        27.333333333333332,
        25.333333333333332,
        27.333333333333332
    ]
}