{
    "trial": [
        1
    ],
    "batch_size": [
        32
    ],
    "optimizer": [
        "SGD"
    ],
    "learning rate": [
        0.001
    ],
    "patience": [
        10
    ],
    "epochs": [
        1,
        2,
        3,
        4,
        5,
        6,
        7,
        8,
        9,
        10,
        11,
        12,
        13,
        14,
        15,
        16
    ],
    "train_loss": [
        3.234281587600708,
        2.16477707862854,
        1.7643700814247132,
        1.487199854850769,
        1.2446005082130431,
        1.0529313683509827,
        0.8829719972610474,
        0.7464386844635009,
        0.6233301830291748,
        0.5209424245357513,
        0.43831522107124327,
        0.3706041395664215,
        0.3122571492195129,
        0.28107627272605895,
        0.24156979113817215,
        0.21194469422101975
    ],
    "val_loss": [
        1.941960334777832,
        1.7196178138256073,
        1.6369011402130127,
        1.6346599757671356,
        1.5770690441131592,
        1.5117842853069305,
        1.51971834897995,
        1.5370526611804962,
        1.5471476316452026,
        1.5572137236595154,
        1.6000217497348785,
        1.5271877348423004,
        1.5747718513011932,
        1.58199805021286,
        1.5932603180408478,
        1.6064303517341614
    ],
    "test_accuracy": [
        35.0,
        41.0,
        39.0,
        44.0,
        47.0,
        48.0,
        48.0,
        48.0,
        49.0,
        48.0,
        48.0,
        46.0,
        47.0,
        47.0,
        49.0,
        47.0
    ]
}