{
    "trial": [
        0
    ],
    "batch_size": [
        64
    ],
    "optimizer": [
        "Adam"
    ],
    "learning rate": [
        0.1
    ],
    "patience": [
        10
    ],
    "epochs": [
        1,
        2,
        3,
        4,
        5,
        6,
        7,
        8,
        9,
        10,
        11,
        12,
        13,
        14,
        15,
        16,
        17,
        18,
        19,
        20,
        21,
        22,
        23,
        24,
        25,
        26,
        27,
        28,
        29,
        30,
        31,
        32,
        33,
        34,
        35,
        36,
        37,
        38,
        39
    ],
    "train_loss": [
        5.904616409937541,
        3.0923496119181313,
        3.0583798440297443,
        3.041162544886271,
        2.995130732854207,
        2.992431929906209,
        2.9597897815704344,
        2.9580440203348797,
        2.9230559825897218,
        2.919499454498291,
        2.933856833775838,
        2.912657486597697,
        2.8915305773417157,
        2.885147279103597,
        2.859815384546916,
        2.862457962036133,
        2.8380884393056234,
        2.8283590030670167,
        2.8428565629323326,
        2.8163996346791587,
        2.7863733259836834,
        2.761819849014282,
        2.7866311772664387,
        2.7602382628122966,
        2.752042220433553,
        2.726133248011271,
        2.7113239415486654,
        2.7042825984954835,
        2.674520044326782,
        2.694854237238566,
        2.657777191797892,
        2.6380500825246176,
        2.5962175051371257,
        2.6130078999201456,
        2.594643185933431,
        2.542959016164144,
        2.530238340695699,
        2.5014071623484293,
        2.4659962209065753
    ],
    "val_loss": [
        3.113218355178833,
        3.033919882774353,
        3.148857831954956,
        2.9929359912872315,
        3.1094076871871947,
        3.0186909675598144,
        3.0267977476119996,
        2.914440369606018,
        3.0985447645187376,
        2.965412425994873,
        3.053251361846924,
        2.919217824935913,
        2.890067458152771,
        3.010927367210388,
        2.876286840438843,
        2.8133614301681518,
        2.921678161621094,
        2.922694754600525,
        2.8221611738204957,
        2.9508822679519655,
        2.954955220222473,
        3.2155616760253904,
        2.967495155334473,
        2.79020516872406,
        2.9163880586624145,
        2.729106378555298,
        2.76877818107605,
        2.7750823497772217,
        2.661493253707886,
        2.8408543825149537,
        2.7180355548858643,
        2.7071691513061524,
        2.715852212905884,
        2.6890533208847045,
        2.7572381496429443,
        2.7555105924606322,
        2.8480957746505737,
        3.1791605710983277,
        2.7880715131759644
    ],
    "test_accuracy": [
        10.0,
        11.666666666666666,
        11.333333333333334,
        11.666666666666666,
        12.0,
        15.0,
        15.0,
        14.0,
        15.333333333333334,
        15.0,
        12.666666666666666,
        16.666666666666668,
        16.0,
        12.333333333333334,
        18.333333333333332,
        21.0,
        18.333333333333332,
        21.333333333333332,
        17.666666666666668,
        16.0,
        18.0,
        17.666666666666668,
        17.0,
        17.666666666666668,
        21.333333333333332,
        22.666666666666668,
        21.333333333333332,
        23.0,
        23.0,
        21.333333333333332,
        26.0,
        22.333333333333332,
        22.333333333333332,
        25.0,
        22.666666666666668,
        23.666666666666668,
        22.0,
        16.0,
        20.666666666666668
    ]
}