{
    "trial": [
        11
    ],
    "batch_size": [
        64
    ],
    "optimizer": [
        "Adamax"
    ],
    "learning rate": [
        0.1
    ],
    "patience": [
        10
    ],
    "epochs": [
        1
    ],
    "train_loss": [
        188310229974.0999
    ],
    "val_loss": [
        3.302977681159973
    ],
    "test_accuracy": [
        5.666666666666667
    ]
}