{
    "trial": [
        3
    ],
    "batch_size": [
        64
    ],
    "optimizer": [
        "RMSprop"
    ],
    "learning rate": [
        0.1
    ],
    "patience": [
        10
    ],
    "epochs": [
        1,
        2,
        3,
        4,
        5,
        6,
        7,
        8,
        9,
        10,
        11,
        12,
        13,
        14
    ],
    "train_loss": [
        3.835402169456912e+20,
        119055147099.77988,
        95531223931.13432,
        110540970449.92467,
        224335941218.69815,
        15082038235.228903,
        5209312327.790889,
        24505415110.58624,
        5366736490.133998,
        3.500651887257894,
        258378905.42332688,
        364149695.3041221,
        1463417081.242604,
        261453646619.21454
    ],
    "val_loss": [
        574.7598663330078,
        3.183073878288269,
        3.1523786306381227,
        3.136458468437195,
        3.1384760618209837,
        3.1603142976760865,
        3.157278800010681,
        3.1583624839782716,
        3.1521520137786867,
        3.145470690727234,
        3.1515016317367555,
        3.184360146522522,
        3.156401491165161,
        3.155386543273926
    ],
    "test_accuracy": [
        9.333333333333334,
        10.0,
        10.0,
        8.666666666666666,
        8.666666666666666,
        5.666666666666667,
        9.333333333333334,
        10.0,
        10.0,
        10.0,
        10.0,
        5.666666666666667,
        10.0,
        10.0
    ]
}