{
    "trial": [
        43
    ],
    "batch_size": [
        128
    ],
    "optimizer": [
        "Adamax"
    ],
    "learning rate": [
        0.001
    ],
    "patience": [
        10
    ],
    "epochs": [
        1,
        2
    ],
    "train_loss": [
        3.6631412919362387,
        3.2757293732961017
    ],
    "val_loss": [
        3.203970718383789,
        3.16701455116272
    ],
    "test_accuracy": [
        10.0,
        10.0
    ]
}