{
    "trial": [
        20
    ],
    "batch_size": [
        64
    ],
    "optimizer": [
        "RMSprop"
    ],
    "learning rate": [
        0.001
    ],
    "patience": [
        10
    ],
    "epochs": [
        1,
        2,
        3,
        4
    ],
    "train_loss": [
        7582.528466221492,
        3.22711283047994,
        3.2142632484436033,
        3.1883263937632242
    ],
    "val_loss": [
        3.19250602722168,
        3.1389608860015867,
        3.1617401599884034,
        3.1389626979827883
    ],
    "test_accuracy": [
        10.0,
        10.0,
        10.0,
        10.0
    ]
}