{
    "trial": [
        5
    ],
    "batch_size": [
        128
    ],
    "optimizer": [
        "Adam"
    ],
    "learning rate": [
        0.001
    ],
    "patience": [
        10
    ],
    "epochs": [
        1,
        2,
        3
    ],
    "train_loss": [
        3.501802832285563,
        3.251280829111735,
        3.2294965680440266
    ],
    "val_loss": [
        3.180643153190613,
        3.166346216201782,
        3.17444486618042
    ],
    "test_accuracy": [
        10.0,
        5.666666666666667,
        8.666666666666666
    ]
}