{
    "trial": [
        16
    ],
    "batch_size": [
        128
    ],
    "optimizer": [
        "RMSprop"
    ],
    "learning rate": [
        0.1
    ],
    "patience": [
        10
    ],
    "epochs": [
        1,
        2,
        3,
        4
    ],
    "train_loss": [
        2.4410296821016966e+20,
        4.799382581710815,
        5.87769196510315,
        4.302367496490478
    ],
    "val_loss": [
        3.167169976234436,
        3.140354776382446,
        3.1399678945541383,
        3.151054334640503
    ],
    "test_accuracy": [
        10.0,
        10.0,
        10.0,
        10.0
    ]
}