{
    "trial": [
        26
    ],
    "batch_size": [
        32
    ],
    "optimizer": [
        "Adam"
    ],
    "learning rate": [
        0.1
    ],
    "patience": [
        10
    ],
    "epochs": [
        1,
        2
    ],
    "train_loss": [
        1539880601562.0862,
        9157738391145.432
    ],
    "val_loss": [
        3.1846039295196533,
        3.161009669303894
    ],
    "test_accuracy": [
        10.0,
        10.0
    ]
}