{
    "trial": [
        17
    ],
    "batch_size": [
        64
    ],
    "optimizer": [
        "RMSprop"
    ],
    "learning rate": [
        0.0001
    ],
    "patience": [
        10
    ],
    "epochs": [
        1,
        2,
        3,
        4,
        5,
        6,
        7,
        8,
        9,
        10,
        11,
        12,
        13,
        14,
        15,
        16,
        17,
        18,
        19,
        20
    ],
    "train_loss": [
        3.613662557601929,
        3.258177277247111,
        3.100238577524821,
        2.9646005630493164,
        2.864652404785156,
        2.7764829063415526,
        2.7151537291208903,
        2.599717124303182,
        2.5046998834609986,
        2.3815050299962364,
        2.2353182649612426,
        2.03175234635671,
        1.855954384803772,
        1.6418812704086303,
        1.4219118690490722,
        1.1895673942565919,
        0.9846335633595784,
        0.8084373354911805,
        0.6411990622679392,
        0.5837469806273778
    ],
    "val_loss": [
        3.2260308980941774,
        3.1426713705062865,
        3.0113942861557006,
        2.8281426668167113,
        2.7985089302062987,
        2.7209545612335204,
        2.768143367767334,
        2.5954688787460327,
        2.597527098655701,
        2.51498064994812,
        2.6682490348815917,
        2.615583300590515,
        2.7286330699920653,
        2.8293320655822756,
        2.7733909130096435,
        3.2124269008636475,
        3.863876724243164,
        3.919621229171753,
        6.336648607254029,
        4.5432392120361325
    ],
    "test_accuracy": [
        5.666666666666667,
        14.333333333333334,
        19.0,
        24.333333333333332,
        20.0,
        22.666666666666668,
        23.333333333333332,
        25.666666666666668,
        26.333333333333332,
        31.666666666666668,
        29.0,
        31.333333333333332,
        26.333333333333332,
        31.0,
        29.0,
        27.333333333333332,
        28.333333333333332,
        27.333333333333332,
        20.0,
        25.333333333333332
    ]
}