{
    "trial": [
        6
    ],
    "batch_size": [
        128
    ],
    "optimizer": [
        "RMSprop"
    ],
    "learning rate": [
        0.0001
    ],
    "patience": [
        10
    ],
    "epochs": [
        1,
        2,
        3,
        4,
        5,
        6,
        7,
        8,
        9,
        10,
        11,
        12,
        13,
        14,
        15,
        16,
        17,
        18,
        19,
        20,
        21,
        22
    ],
    "train_loss": [
        3.5729586855570474,
        3.236064249674479,
        3.121736987431844,
        2.993424243927002,
        2.872091588973999,
        2.8091746743520103,
        2.7447799905141195,
        2.6701898034413656,
        2.5831579971313476,
        2.465671450297038,
        2.352232756614685,
        2.236783283551534,
        2.1158712546030682,
        1.9317034180959065,
        1.7676881535847981,
        1.5410513432820638,
        1.3398503684997558,
        1.0862653140227,
        0.931430569489797,
        0.7280084351698558,
        0.6139263415336609,
        0.4848744289080302
    ],
    "val_loss": [
        3.2222832918167112,
        3.112286162376404,
        3.051522994041443,
        2.8626870632171633,
        2.7805219411849977,
        2.7719061851501463,
        2.7036996841430665,
        2.6871689319610597,
        2.582048511505127,
        2.538092589378357,
        2.492169237136841,
        2.4796428322792052,
        2.5707048773765564,
        2.4932090640068054,
        2.5941875338554383,
        2.686798429489136,
        2.6288233518600466,
        2.9680797815322877,
        3.0800954341888427,
        3.5277852535247805,
        3.573466992378235,
        3.968140649795532
    ],
    "test_accuracy": [
        12.666666666666666,
        13.0,
        15.0,
        21.333333333333332,
        23.333333333333332,
        23.333333333333332,
        25.0,
        23.0,
        29.666666666666668,
        28.666666666666668,
        27.0,
        30.666666666666668,
        32.333333333333336,
        29.666666666666668,
        32.666666666666664,
        32.333333333333336,
        33.0,
        29.666666666666668,
        31.666666666666668,
        30.666666666666668,
        30.0,
        32.666666666666664
    ]
}