{
    "trial": [
        4
    ],
    "batch_size": [
        128
    ],
    "optimizer": [
        "SGD"
    ],
    "learning rate": [
        0.0001
    ],
    "patience": [
        10
    ],
    "epochs": [
        1,
        2,
        3,
        4,
        5,
        6,
        7,
        8,
        9,
        10,
        11,
        12,
        13,
        14,
        15,
        16,
        17,
        18,
        19,
        20,
        21,
        22,
        23,
        24,
        25,
        26,
        27,
        28,
        29,
        30,
        31,
        32,
        33,
        34,
        35,
        36,
        37,
        38,
        39,
        40,
        41,
        42,
        43,
        44,
        45,
        46,
        47,
        48,
        49,
        50,
        51,
        52,
        53,
        54,
        55,
        56,
        57,
        58,
        59,
        60,
        61,
        62,
        63,
        64,
        65,
        66,
        67,
        68,
        69,
        70,
        71,
        72,
        73,
        74,
        75,
        76,
        77,
        78,
        79
    ],
    "train_loss": [
        4.3051669311523435,
        4.300474313100179,
        4.295646406809489,
        4.291130873362223,
        4.28643372853597,
        4.282202142079671,
        4.277802906036377,
        4.27358445485433,
        4.26914234161377,
        4.264930458068847,
        4.2602198092142745,
        4.256043345133463,
        4.251791489919027,
        4.246836554209391,
        4.2418568166097,
        4.237428754170736,
        4.232159099578857,
        4.227302227020264,
        4.22148136138916,
        4.215355141957601,
        4.208150946299235,
        4.199922568003337,
        4.191397253672282,
        4.1800108210245766,
        4.16476567586263,
        4.145581531524658,
        4.115100390116374,
        4.05738120396932,
        3.9436373043060304,
        3.751999419530233,
        3.576680482228597,
        3.422448406219482,
        3.3787661234537762,
        3.3394211101531983,
        3.3182527764638263,
        3.299148416519165,
        3.293671147028605,
        3.2879926490783693,
        3.2911431058247884,
        3.286331475575765,
        3.2622917461395264,
        3.256484473546346,
        3.246399997075399,
        3.2557014656066894,
        3.2584872468312582,
        3.255754060745239,
        3.2492048358917236,
        3.2427347183227537,
        3.2293031628926596,
        3.2369613361358645,
        3.230550683339437,
        3.226423349380493,
        3.236110871632894,
        3.2271217823028566,
        3.2380291557312013,
        3.224802271525065,
        3.235453799565633,
        3.2296449597676595,
        3.212440808614095,
        3.2283458709716797,
        3.2132768630981445,
        3.218882268269857,
        3.21375288327535,
        3.2088402303059897,
        3.2260484441121418,
        3.1961968421936033,
        3.202907574971517,
        3.204185167948405,
        3.1939196650187176,
        3.2119831943511965,
        3.2060241222381594,
        3.2096038023630777,
        3.2085545031229654,
        3.197019955317179,
        3.1935784594217935,
        3.195292387008667,
        3.199720401763916,
        3.2045983028411866,
        3.190812791188558
    ],
    "val_loss": [
        4.302168178558349,
        4.297956371307373,
        4.293850755691528,
        4.289769840240479,
        4.285774755477905,
        4.281786012649536,
        4.2778639793396,
        4.273895883560181,
        4.269986963272094,
        4.266031694412232,
        4.262067270278931,
        4.258102989196777,
        4.254141235351563,
        4.250105905532837,
        4.245944881439209,
        4.241749477386475,
        4.237421083450317,
        4.232942295074463,
        4.228282165527344,
        4.223366737365723,
        4.218124103546143,
        4.212345218658447,
        4.205758333206177,
        4.1980489730834964,
        4.1880491256713865,
        4.174356079101562,
        4.152578067779541,
        4.10949068069458,
        4.005207180976868,
        3.8136510133743284,
        3.6266547441482544,
        3.477941131591797,
        3.415133833885193,
        3.388129138946533,
        3.376634454727173,
        3.3505108833312987,
        3.333337664604187,
        3.3359591722488404,
        3.3342185497283934,
        3.333164834976196,
        3.3289938449859617,
        3.319001650810242,
        3.3255115509033204,
        3.3078107595443726,
        3.3213102340698244,
        3.32737877368927,
        3.3144224166870115,
        3.3112299919128416,
        3.3019229412078857,
        3.3104990482330323,
        3.3002748489379883,
        3.301945185661316,
        3.309958076477051,
        3.290895915031433,
        3.298265266418457,
        3.2927101612091065,
        3.2972105026245115,
        3.295144248008728,
        3.2846991062164306,
        3.288823056221008,
        3.288439130783081,
        3.2767940521240235,
        3.275002956390381,
        3.268613171577454,
        3.290281796455383,
        3.282644820213318,
        3.276046085357666,
        3.2807675123214723,
        3.2648539781570434,
        3.2730957508087157,
        3.2848199605941772,
        3.27449107170105,
        3.284170961380005,
        3.2760940551757813,
        3.2717997789382935,
        3.2650346755981445,
        3.280187892913818,
        3.2760475635528565,
        3.265989637374878
    ],
    "test_accuracy": [
        0.0,
        0.0,
        0.0,
        0.0,
        0.0,
        0.0,
        0.6666666666666666,
        10.0,
        10.0,
        10.0,
        10.0,
        10.0,
        10.0,
        10.0,
        10.0,
        10.0,
        10.0,
        10.0,
        10.0,
        10.0,
        10.0,
        10.0,
        10.0,
        10.0,
        10.0,
        10.0,
        10.0,
        10.0,
        10.0,
        10.0,
        10.0,
        10.0,
        10.0,
        10.0,
        10.0,
        10.0,
        10.0,
        10.0,
        10.0,
        10.0,
        10.0,
        10.0,
        10.0,
        10.0,
        10.0,
        10.0,
        10.0,
        10.0,
        10.0,
        10.0,
        10.0,
        10.0,
        10.0,
        10.0,
        10.0,
        10.0,
        10.0,
        10.0,
        10.0,
        10.0,
        10.0,
        10.0,
        10.0,
        10.0,
        10.0,
        10.0,
        10.0,
        10.0,
        10.0,
        10.0,
        10.0,
        10.0,
        10.0,
        10.0,
        10.0,
        10.0,
        10.0,
        10.0,
        10.0
    ]
}