{
    "trial": [
        28
    ],
    "batch_size": [
        32
    ],
    "optimizer": [
        "Adam"
    ],
    "learning rate": [
        0.001
    ],
    "patience": [
        10
    ],
    "epochs": [
        1,
        2
    ],
    "train_loss": [
        3.497725658416748,
        3.2508017603556314
    ],
    "val_loss": [
        3.177552843093872,
        3.162278175354004
    ],
    "test_accuracy": [
        10.0,
        5.666666666666667
    ]
}