{
    "trial": [
        2
    ],
    "batch_size": [
        64
    ],
    "optimizer": [
        "RMSprop"
    ],
    "learning rate": [
        0.01
    ],
    "patience": [
        10
    ],
    "epochs": [
        1,
        2,
        3,
        4,
        5,
        6,
        7,
        8,
        9,
        10,
        11,
        12,
        13,
        14,
        15,
        16,
        17,
        18,
        19,
        20,
        21,
        22,
        23,
        24,
        25,
        26,
        27,
        28,
        29,
        30,
        31,
        32,
        33
    ],
    "train_loss": [
        152495437983.58917,
        82.4930375957489,
        48.456266711552935,
        3.205203383763631,
        3.1988527329762775,
        3.196605145136515,
        3.198178405761719,
        3.1971336142222087,
        3.1884018834431966,
        3.189986664454142,
        3.1827483717600504,
        3.1858223152160643,
        3.1860968271891275,
        247.05170199394226,
        127.97572947502137,
        3.1860276953379314,
        3.1803543949127198,
        3.1841889381408692,
        3.180165243148804,
        3.183754062652588,
        3.1788453737894695,
        3.182085256576538,
        3.183133306503296,
        3.182317794164022,
        59.458873726526896,
        3.181617504755656,
        3.1816683355967204,
        3.178866612116496,
        3.1812047290802004,
        4.215068168640137,
        3.1804935518900552,
        3.1780788771311443,
        3.179072167078654
    ],
    "val_loss": [
        3.1638975381851195,
        3.1468124389648438,
        3.14565851688385,
        3.147277021408081,
        3.1440101623535157,
        3.154835510253906,
        3.1543474912643434,
        3.1460814237594605,
        3.1456169366836546,
        3.1464458227157595,
        3.1397067308425903,
        3.145522928237915,
        3.1397605657577516,
        3.142911601066589,
        3.1418379306793214,
        3.143306756019592,
        3.143683171272278,
        3.1388588190078734,
        3.1402557611465456,
        3.139488625526428,
        3.140682816505432,
        3.1405908346176146,
        3.1369124174118044,
        3.1414015531539916,
        3.1418197393417358,
        3.141684865951538,
        3.1400535821914675,
        3.1409706115722655,
        3.1379899978637695,
        3.1396697044372557,
        3.1414822340011597,
        3.1383639574050903,
        3.145261597633362
    ],
    "test_accuracy": [
        10.0,
        5.666666666666667,
        10.0,
        10.0,
        10.0,
        10.0,
        10.0,
        10.0,
        10.0,
        10.0,
        10.0,
        10.0,
        10.0,
        10.0,
        10.0,
        10.0,
        10.0,
        10.0,
        10.0,
        10.0,
        10.0,
        10.0,
        10.0,
        10.0,
        10.0,
        10.0,
        10.0,
        10.0,
        10.0,
        10.0,
        10.0,
        10.0,
        10.0
    ]
}