{
    "trial": [
        31
    ],
    "batch_size": [
        32
    ],
    "optimizer": [
        "RMSprop"
    ],
    "learning rate": [
        0.1
    ],
    "patience": [
        10
    ],
    "epochs": [
        1,
        2,
        3
    ],
    "train_loss": [
        2.3204056094785025e+21,
        334667682505.0058,
        101794277843.1911
    ],
    "val_loss": [
        3.1558110237121584,
        3.1543681144714357,
        3.1522655725479125
    ],
    "test_accuracy": [
        10.0,
        10.0,
        10.0
    ]
}