{
    "trial": [
        8
    ],
    "batch_size": [
        32
    ],
    "optimizer": [
        "Adamax"
    ],
    "learning rate": [
        0.001
    ],
    "patience": [
        10
    ],
    "epochs": [
        1,
        2,
        3,
        4,
        5,
        6,
        7,
        8,
        9,
        10,
        11,
        12,
        13,
        14,
        15,
        16,
        17,
        18,
        19,
        20,
        21,
        22
    ],
    "train_loss": [
        3.526758263905843,
        3.2325295066833495,
        3.0879196643829347,
        2.9760367170969646,
        2.9069168440500897,
        2.845917749404907,
        2.8187831910451253,
        2.7538179969787597,
        2.7303434785207115,
        2.606377140680949,
        2.5151047643025715,
        2.405787467956543,
        2.2464092365900674,
        2.0944678656260174,
        1.8973409875233969,
        1.652010129292806,
        1.3997473883628846,
        1.125737411181132,
        0.9310155419508616,
        0.7317739748954772,
        0.5618627751866977,
        0.4704945375521978
    ],
    "val_loss": [
        3.2988075494766234,
        3.100631928443909,
        3.0823861837387083,
        2.91562876701355,
        2.8794625043869018,
        2.8751465559005736,
        2.7770745515823365,
        2.7187296390533446,
        2.7137370109558105,
        2.579491901397705,
        2.572393465042114,
        2.537808728218079,
        2.5695551872253417,
        2.579819941520691,
        2.5632163524627685,
        2.6837458848953246,
        2.851068639755249,
        3.693522262573242,
        3.475611925125122,
        3.784940719604492,
        5.108182787895203,
        4.979437136650086
    ],
    "test_accuracy": [
        10.0,
        9.666666666666666,
        16.666666666666668,
        18.333333333333332,
        19.0,
        21.0,
        22.0,
        22.333333333333332,
        25.0,
        27.0,
        30.666666666666668,
        28.0,
        30.333333333333332,
        31.0,
        32.0,
        29.333333333333332,
        30.333333333333332,
        28.333333333333332,
        26.333333333333332,
        27.666666666666668,
        27.0,
        24.0
    ]
}