{
    "trial": [
        22
    ],
    "batch_size": [
        128
    ],
    "optimizer": [
        "Adam"
    ],
    "learning rate": [
        0.01
    ],
    "patience": [
        10
    ],
    "epochs": [
        1
    ],
    "train_loss": [
        4715.701650899251
    ],
    "val_loss": [
        3.473824167251587
    ],
    "test_accuracy": [
        7.666666666666667
    ]
}