{
    "trial": [
        15
    ],
    "batch_size": [
        32
    ],
    "optimizer": [
        "RMSprop"
    ],
    "learning rate": [
        0.0001
    ],
    "patience": [
        10
    ],
    "epochs": [
        1,
        2
    ],
    "train_loss": [
        3.6058019828796386,
        3.3060964806874593
    ],
    "val_loss": [
        3.251821517944336,
        3.201259398460388
    ],
    "test_accuracy": [
        10.0,
        10.0
    ]
}