{
    "trial": [
        33
    ],
    "batch_size": [
        32
    ],
    "optimizer": [
        "Adam"
    ],
    "learning rate": [
        0.0001
    ],
    "patience": [
        10
    ],
    "epochs": [
        1
    ],
    "train_loss": [
        3.5894957987467446
    ],
    "val_loss": [
        3.5455241441726684
    ],
    "test_accuracy": [
        12.333333333333334
    ]
}