{
    "trial": [
        24
    ],
    "batch_size": [
        128
    ],
    "optimizer": [
        "RMSprop"
    ],
    "learning rate": [
        0.01
    ],
    "patience": [
        10
    ],
    "epochs": [
        1,
        2,
        3,
        4,
        5,
        6,
        7,
        8,
        9,
        10,
        11,
        12,
        13
    ],
    "train_loss": [
        381156051805.86725,
        1295.9189281431834,
        16.670357627868654,
        3863.535025278727,
        52.62889410018921,
        6.76582846959432,
        3.1892572116851805,
        3.18863476117452,
        15.047228212356567,
        3.1860868644714357,
        4.236234461466472,
        3.190606428782145,
        3.1852730178833006
    ],
    "val_loss": [
        3.1436324596405028,
        3.1607521295547487,
        3.136140298843384,
        3.143867087364197,
        3.1617615938186647,
        3.1424484252929688,
        3.1481078386306764,
        3.1421508312225344,
        3.143603706359863,
        3.138322138786316,
        3.1415276288986207,
        3.1428233861923216,
        3.1532160520553587
    ],
    "test_accuracy": [
        10.0,
        5.666666666666667,
        10.0,
        10.0,
        10.0,
        10.0,
        10.0,
        10.0,
        10.0,
        10.0,
        10.0,
        10.0,
        10.0
    ]
}