{
    "trial": [
        7
    ],
    "batch_size": [
        128
    ],
    "optimizer": [
        "SGD"
    ],
    "learning rate": [
        0.01
    ],
    "patience": [
        10
    ],
    "epochs": [
        1,
        2
    ],
    "train_loss": [
        3.796285498936971,
        3.248019199371338
    ],
    "val_loss": [
        3.4588415384292603,
        3.3419473648071287
    ],
    "test_accuracy": [
        14.0,
        10.0
    ]
}