{
    "trial": [
        38
    ],
    "batch_size": [
        64
    ],
    "optimizer": [
        "Adamax"
    ],
    "learning rate": [
        0.001
    ],
    "patience": [
        10
    ],
    "epochs": [
        1,
        2
    ],
    "train_loss": [
        3.5557916069030764,
        3.2377886899312336
    ],
    "val_loss": [
        3.2172000885009764,
        3.164642405509949
    ],
    "test_accuracy": [
        10.0,
        11.0
    ]
}