{
    "trial": [
        1
    ],
    "batch_size": [
        32
    ],
    "optimizer": [
        "SGD"
    ],
    "learning rate": [
        0.001
    ],
    "patience": [
        10
    ],
    "epochs": [
        1,
        2,
        3,
        4,
        5,
        6,
        7,
        8,
        9,
        10,
        11,
        12,
        13,
        14,
        15,
        16,
        17,
        18,
        19,
        20,
        21,
        22,
        23,
        24,
        25,
        26,
        27,
        28,
        29,
        30,
        31,
        32,
        33,
        34,
        35,
        36,
        37,
        38,
        39,
        40,
        41,
        42,
        43,
        44,
        45,
        46,
        47,
        48,
        49,
        50,
        51,
        52,
        53,
        54,
        55,
        56,
        57,
        58,
        59,
        60,
        61,
        62,
        63,
        64,
        65,
        66,
        67,
        68,
        69,
        70,
        71,
        72,
        73,
        74,
        75
    ],
    "train_loss": [
        4.271638666788737,
        4.209859835306803,
        3.7328233114878335,
        3.300543572107951,
        3.264896510442098,
        3.243856455485026,
        3.23577343304952,
        3.225849405924479,
        3.2088756370544433,
        3.202074422836304,
        3.1993786843617755,
        3.2095146497090656,
        3.1928750387827556,
        3.192443701426188,
        3.1887817859649656,
        3.1818563397725423,
        3.187511377334595,
        3.1733100096384685,
        3.1666439660390218,
        3.158726495107015,
        3.118468910853068,
        3.073764870961507,
        3.052693471908569,
        3.0616143894195558,
        3.0381759230295815,
        3.037094653447469,
        3.026896282831828,
        3.007061545054118,
        3.0166640440622965,
        3.002995643615723,
        2.9833319918314616,
        2.9933198515574135,
        2.979230744043986,
        2.9624533748626707,
        2.970405594507853,
        2.9504409154256184,
        2.9439291191101074,
        2.9257665316263837,
        2.9089832973480223,
        2.9113329060872397,
        2.880000549952189,
        2.8733430512746176,
        2.847093941370646,
        2.8414051659901935,
        2.8070885880788166,
        2.79860364596049,
        2.779713265101115,
        2.769134651819865,
        2.7842555745442708,
        2.749299300511678,
        2.721221268971761,
        2.67977276802063,
        2.690865389506022,
        2.656630334854126,
        2.6452164459228515,
        2.623004639943441,
        2.6011384677886964,
        2.5871703243255615,
        2.5590863688786825,
        2.5757126967112223,
        2.536030912399292,
        2.5097476927439373,
        2.4833414363861084,
        2.4165382766723633,
        2.4005245780944824,
        2.357854475975037,
        2.33421600818634,
        2.3002338298161824,
        2.264746158917745,
        2.2117634693781536,
        2.1749232975641886,
        2.1331295124689738,
        2.0885088284810385,
        2.041460741360982,
        1.9548446337382
    ],
    "val_loss": [
        4.252867078781128,
        4.183541965484619,
        3.437436509132385,
        3.3114113330841066,
        3.368696117401123,
        3.354737329483032,
        3.311960458755493,
        3.2830705881118774,
        3.323899817466736,
        3.307174038887024,
        3.2962804555892946,
        3.2861565589904784,
        3.2756908893585206,
        3.26795289516449,
        3.2951011657714844,
        3.234881544113159,
        3.246717357635498,
        3.2332956552505494,
        3.2679083824157713,
        3.221424102783203,
        3.2153398036956786,
        3.0978840827941894,
        3.147971248626709,
        3.1145006656646728,
        3.137372374534607,
        3.136893606185913,
        3.146572136878967,
        3.1091306686401365,
        3.1157879114151,
        3.0683576345443724,
        3.0644034147262573,
        3.1030511617660523,
        3.017610716819763,
        3.06368944644928,
        3.026241993904114,
        3.016468048095703,
        3.012441349029541,
        2.961634874343872,
        2.955558705329895,
        2.9537474632263185,
        2.935839080810547,
        2.8775695323944093,
        2.8672953605651856,
        2.8927499771118166,
        2.893632698059082,
        2.8928926467895506,
        2.8304041147232057,
        2.8138323783874513,
        2.7864326000213624,
        2.777426505088806,
        2.761017942428589,
        2.8122479915618896,
        2.8205275774002074,
        2.7384390115737913,
        2.7529213190078736,
        2.7299288749694823,
        2.725026178359985,
        2.7223167181015016,
        2.7025858879089357,
        2.762497615814209,
        2.685057258605957,
        2.73950457572937,
        2.6823498725891115,
        2.682718777656555,
        2.629787302017212,
        2.6493695974349976,
        2.6844339609146117,
        2.6642203092575074,
        2.645827865600586,
        2.647071671485901,
        2.681932735443115,
        2.691523718833923,
        2.729874300956726,
        2.7001699447631835,
        2.6902501344680787
    ],
    "test_accuracy": [
        10.0,
        10.0,
        10.0,
        10.0,
        10.0,
        10.0,
        10.333333333333334,
        10.0,
        10.0,
        10.0,
        10.0,
        10.0,
        10.0,
        10.0,
        10.0,
        10.0,
        10.0,
        10.0,
        10.0,
        11.0,
        11.0,
        12.333333333333334,
        12.333333333333334,
        10.0,
        13.666666666666666,
        10.666666666666666,
        13.0,
        9.666666666666666,
        12.333333333333334,
        13.333333333333334,
        12.666666666666666,
        13.0,
        12.666666666666666,
        13.666666666666666,
        15.0,
        14.333333333333334,
        13.333333333333334,
        14.666666666666666,
        16.666666666666668,
        17.666666666666668,
        19.0,
        19.0,
        18.333333333333332,
        20.0,
        20.0,
        19.666666666666668,
        20.0,
        22.666666666666668,
        21.666666666666668,
        20.666666666666668,
        18.666666666666668,
        20.666666666666668,
        20.0,
        20.333333333333332,
        20.333333333333332,
        22.666666666666668,
        22.666666666666668,
        22.333333333333332,
        20.0,
        22.333333333333332,
        23.0,
        23.333333333333332,
        21.666666666666668,
        21.666666666666668,
        23.333333333333332,
        22.666666666666668,
        20.666666666666668,
        23.333333333333332,
        21.0,
        24.333333333333332,
        23.0,
        26.333333333333332,
        22.333333333333332,
        25.333333333333332,
        21.666666666666668
    ]
}