{
    "trial": [
        37
    ],
    "batch_size": [
        32
    ],
    "optimizer": [
        "RMSprop"
    ],
    "learning rate": [
        0.001
    ],
    "patience": [
        10
    ],
    "epochs": [
        1,
        2
    ],
    "train_loss": [
        2897.410553337733,
        3.2769898128509523
    ],
    "val_loss": [
        3.2161736488342285,
        3.20559823513031
    ],
    "test_accuracy": [
        10.0,
        10.0
    ]
}