{
    "trial": [
        9
    ],
    "batch_size": [
        32
    ],
    "optimizer": [
        "RMSprop"
    ],
    "learning rate": [
        0.01
    ],
    "patience": [
        10
    ],
    "epochs": [
        1,
        2,
        3,
        4
    ],
    "train_loss": [
        68714059706.97476,
        3.217942050298055,
        219.01407251675923,
        55.013698714574176
    ],
    "val_loss": [
        3.149274969100952,
        3.157368302345276,
        3.1457405567169188,
        3.1491602420806886
    ],
    "test_accuracy": [
        10.0,
        10.0,
        10.0,
        10.0
    ]
}