{
    "trial": [
        44
    ],
    "batch_size": [
        128
    ],
    "optimizer": [
        "Adam"
    ],
    "learning rate": [
        0.1
    ],
    "patience": [
        10
    ],
    "epochs": [
        1,
        2
    ],
    "train_loss": [
        182063028589.58517,
        427322.10169193905
    ],
    "val_loss": [
        3.1692473173141478,
        3.15871684551239
    ],
    "test_accuracy": [
        10.0,
        10.0
    ]
}