{
    "trial": [
        0
    ],
    "batch_size": [
        64
    ],
    "optimizer": [
        "Adam"
    ],
    "learning rate": [
        0.1
    ],
    "patience": [
        10
    ],
    "epochs": [
        1,
        2,
        3,
        4,
        5,
        6,
        7,
        8,
        9,
        10,
        11,
        12,
        13,
        14
    ],
    "train_loss": [
        591610280600.8433,
        4144001449988.1367,
        19.84693099339803,
        3.195226821899414,
        3.1940957260131837,
        3.1948439693450927,
        3.192663993835449,
        3.198206415176392,
        3.198961092631022,
        3.1913636461893717,
        3.197399314244588,
        3.2002549584706625,
        3.1965490436553954,
        3.1936033217112225
    ],
    "val_loss": [
        3.1932328939437866,
        3.1579576253890993,
        3.15475857257843,
        3.1363431930541994,
        3.176385259628296,
        3.1530274629592894,
        3.165002703666687,
        3.1577370405197143,
        3.140127658843994,
        3.1640196800231934,
        3.155387830734253,
        3.1402634620666503,
        3.1584418535232546,
        3.170303392410278
    ],
    "test_accuracy": [
        10.0,
        10.0,
        10.0,
        10.0,
        10.0,
        10.0,
        10.0,
        10.0,
        5.666666666666667,
        10.0,
        5.666666666666667,
        10.0,
        10.0,
        5.666666666666667
    ]
}