{
    "trial": [
        40
    ],
    "batch_size": [
        64
    ],
    "optimizer": [
        "Adam"
    ],
    "learning rate": [
        0.001
    ],
    "patience": [
        10
    ],
    "epochs": [
        1,
        2
    ],
    "train_loss": [
        3.4843929195404053,
        3.2422457472483317
    ],
    "val_loss": [
        3.197213125228882,
        3.1656922578811644
    ],
    "test_accuracy": [
        10.0,
        10.0
    ]
}