{
    "trial": [
        12
    ],
    "batch_size": [
        64
    ],
    "optimizer": [
        "SGD"
    ],
    "learning rate": [
        0.0005868989708863896
    ],
    "patience": [
        10
    ],
    "weight_decay": [
        0.000662312559177303
    ],
    "p_hflip": [
        0.6937412267160363
    ],
    "p_crop": [
        0.3165478086618756
    ],
    "momentum": [
        0.8562252835529939
    ],
    "drop_rate": [
        0.5237802097707197,
        0.34877170124713147,
        0.10528801928729153,
        0.5284193597791911
    ],
    "epochs": [
        1
    ],
    "train_loss": [
        1.952356894914206
    ],
    "val_loss": [
        1.937154838017055
    ],
    "test_accuracy": [
        17.532467532467532
    ]
}