{
    "trial": [
        17
    ],
    "batch_size": [
        64
    ],
    "optimizer": [
        "SGD"
    ],
    "learning rate": [
        0.0018425031574665644
    ],
    "patience": [
        10
    ],
    "weight_decay": [
        1.1094897986153224e-05
    ],
    "p_hflip": [
        0.5881289914957499
    ],
    "p_crop": [
        0.6585820884265484
    ],
    "momentum": [
        0.9157656833792078
    ],
    "drop_rate": [
        0.3126129980785082,
        0.45067387235123146,
        0.10068778163967923,
        0.5936889715304714
    ],
    "epochs": [
        1
    ],
    "train_loss": [
        1.9452159438814436
    ],
    "val_loss": [
        1.9050444607831993
    ],
    "test_accuracy": [
        23.7987012987013
    ]
}