{
    "trial": [
        14
    ],
    "batch_size": [
        64
    ],
    "optimizer": [
        "RMSprop"
    ],
    "learning rate": [
        0.00016011687559855828
    ],
    "patience": [
        10
    ],
    "weight_decay": [
        0.00017977141561374436
    ],
    "p_hflip": [
        0.5218647684448613
    ],
    "p_crop": [
        0.6658849501059321
    ],
    "momentum": [
        0.735045779989833
    ],
    "drop_rate": [
        0.6950844935069068,
        0.4071799001768741,
        0.17697120763251034,
        0.5287608544712226
    ],
    "epochs": [
        1
    ],
    "train_loss": [
        1.9210906759485022
    ],
    "val_loss": [
        1.8928035789606523
    ],
    "test_accuracy": [
        24.967532467532468
    ]
}