{
    "trial": [
        9
    ],
    "batch_size": [
        64
    ],
    "optimizer": [
        "Adam"
    ],
    "learning rate": [
        2.9551149697945438e-05
    ],
    "patience": [
        10
    ],
    "weight_decay": [
        2.9422622400731375e-06
    ],
    "p_hflip": [
        0.23926719557239418
    ],
    "p_crop": [
        0.09043651552263887
    ],
    "momentum": [
        0.8008489894053858
    ],
    "drop_rate": [
        0.6336912538883278,
        0.4342970332005308,
        0.3249407476853241,
        0.21961326042037072
    ],
    "epochs": [
        1
    ],
    "train_loss": [
        1.9435386026060426
    ],
    "val_loss": [
        1.9091290673431085
    ],
    "test_accuracy": [
        21.753246753246753
    ]
}