{
    "trial": [
        38
    ],
    "batch_size": [
        64
    ],
    "optimizer": [
        "Adam"
    ],
    "learning rate": [
        3.180849615536204e-05
    ],
    "patience": [
        10
    ],
    "weight_decay": [
        4.722324148270042e-06
    ],
    "p_hflip": [
        0.7546446346103279
    ],
    "p_crop": [
        0.3526354544349477
    ],
    "momentum": [
        0.5624639239207064
    ],
    "drop_rate": [
        0.48056398579116866,
        0.5703750544207441,
        0.5447229311754433,
        0.1688039518812005
    ],
    "epochs": [
        1
    ],
    "train_loss": [
        1.948835244116845
    ],
    "val_loss": [
        1.9345816300839793
    ],
    "test_accuracy": [
        19.87012987012987
    ]
}