{
    "trial": [
        33
    ],
    "batch_size": [
        64
    ],
    "optimizer": [
        "RMSprop"
    ],
    "learning rate": [
        0.0365101758864633
    ],
    "patience": [
        10
    ],
    "weight_decay": [
        0.00028791237781423663
    ],
    "p_hflip": [
        0.860404861951681
    ],
    "p_crop": [
        0.5317708678942473
    ],
    "momentum": [
        0.9493341815255749
    ],
    "drop_rate": [
        0.10427876189063956,
        0.41903414385237564,
        0.5767799239620724,
        0.38066296666031146
    ],
    "epochs": [
        1
    ],
    "train_loss": [
        2.0045662920196334
    ],
    "val_loss": [
        1.9459124608915679
    ],
    "test_accuracy": [
        21.461038961038962
    ]
}