{
    "trial": [
        20
    ],
    "batch_size": [
        64
    ],
    "optimizer": [
        "Adam"
    ],
    "learning rate": [
        0.00018552693050600066
    ],
    "patience": [
        10
    ],
    "weight_decay": [
        0.0018279025300511633
    ],
    "p_hflip": [
        0.8945902343474681
    ],
    "p_crop": [
        0.27561580284916337
    ],
    "momentum": [
        0.640900671742194
    ],
    "drop_rate": [
        0.18743157277103323,
        0.11524857088649872,
        0.567032206167896,
        0.19337081123639174
    ],
    "epochs": [
        1,
        2,
        3,
        4,
        5,
        6,
        7,
        8,
        9
    ],
    "train_loss": [
        1.8960622830824418,
        1.8462902586181442,
        1.833417864588948,
        1.8254254248235133,
        1.8230064181538372,
        1.81974020933176,
        1.812818741798401,
        1.8123143988770325,
        1.810764488616547
    ],
    "val_loss": [
        1.8631189356044846,
        1.8526416189816532,
        1.8373144670408599,
        1.8373871190207345,
        1.8428638735596015,
        1.8273766794983222,
        1.8210733642383499,
        1.8288766899887396,
        1.8941818937963368
    ],
    "test_accuracy": [
        27.435064935064936,
        30.194805194805195,
        30.292207792207794,
        31.006493506493506,
        29.350649350649352,
        32.857142857142854,
        32.6948051948052,
        30.551948051948052,
        23.636363636363637
    ]
}