{
    "trial": [
        5
    ],
    "batch_size": [
        64
    ],
    "optimizer": [
        "Adam"
    ],
    "learning rate": [
        1.4568493024284345e-05
    ],
    "patience": [
        10
    ],
    "weight_decay": [
        0.005121616157902364
    ],
    "p_hflip": [
        0.06148179719284674
    ],
    "p_crop": [
        0.518978094817453
    ],
    "momentum": [
        0.5315571063498032
    ],
    "drop_rate": [
        0.31366344530405355,
        0.49772684278863344,
        0.49592644569801747,
        0.10916637374634737
    ],
    "epochs": [
        1
    ],
    "train_loss": [
        1.9487065693000694
    ],
    "val_loss": [
        1.9376383849552699
    ],
    "test_accuracy": [
        21.363636363636363
    ]
}