{
    "trial": [
        32
    ],
    "batch_size": [
        64
    ],
    "optimizer": [
        "RMSprop"
    ],
    "learning rate": [
        0.012634985405123651
    ],
    "patience": [
        10
    ],
    "weight_decay": [
        0.0009502338913583261
    ],
    "p_hflip": [
        0.7133184913447634
    ],
    "p_crop": [
        0.38108594187439526
    ],
    "momentum": [
        0.9495955297680547
    ],
    "drop_rate": [
        0.4286781978756252,
        0.5466899024873878,
        0.6538405880774457,
        0.4924257696704808
    ],
    "epochs": [
        1
    ],
    "train_loss": [
        1.9100738138347477
    ],
    "val_loss": [
        1.883950141011452
    ],
    "test_accuracy": [
        24.285714285714285
    ]
}