{
    "trial": [
        4
    ],
    "batch_size": [
        64
    ],
    "optimizer": [
        "SGD"
    ],
    "learning rate": [
        0.04762633837365688
    ],
    "patience": [
        10
    ],
    "weight_decay": [
        1.088925301570202e-06
    ],
    "p_hflip": [
        0.7973201080318599
    ],
    "p_crop": [
        0.018364920122325268
    ],
    "momentum": [
        0.9248510565544853
    ],
    "drop_rate": [
        0.6697979921327327,
        0.6385578956788169,
        0.3160268080824561,
        0.4089785184910496
    ],
    "epochs": [
        1,
        2,
        3,
        4,
        5,
        6,
        7,
        8,
        9,
        10,
        11,
        12,
        13,
        14,
        15,
        16,
        17,
        18,
        19,
        20,
        21,
        22,
        23,
        24,
        25,
        26,
        27,
        28,
        29,
        30,
        31,
        32,
        33,
        34,
        35,
        36,
        37,
        38,
        39,
        40,
        41,
        42,
        43,
        44,
        45,
        46,
        47,
        48,
        49,
        50,
        51,
        52,
        53,
        54,
        55,
        56,
        57,
        58
    ],
    "train_loss": [
        1.9015157504515214,
        1.860283613204956,
        1.8494548091640721,
        1.8398072827946057,
        1.833791826607345,
        1.8237635906640586,
        1.8225775114901654,
        1.814235833403352,
        1.8096226193688132,
        1.805679438021276,
        1.8029206935461466,
        1.799012853572895,
        1.7900237972086126,
        1.7869972739900861,
        1.7838558608835393,
        1.7772037948880877,
        1.772296701778065,
        1.7743890350515192,
        1.7707530526371746,
        1.760959277214942,
        1.759795655213393,
        1.7534151767755484,
        1.7478431240304724,
        1.7448884775112201,
        1.7407347775124884,
        1.7395075150898525,
        1.7320759791832465,
        1.7297576718516163,
        1.7243954206441905,
        1.7204754897526333,
        1.7167411324265716,
        1.7171456584682712,
        1.714089035987854,
        1.7151551934031697,
        1.705382540318873,
        1.7050134333697233,
        1.6944214712489736,
        1.6936419304315147,
        1.6929411977916569,
        1.691062685421535,
        1.679220132703905,
        1.6772787382076313,
        1.6742440251560955,
        1.672264013352332,
        1.671413313878047,
        1.6675596509660993,
        1.6602723833802457,
        1.6571224943383949,
        1.6538422987058565,
        1.6538283375950602,
        1.6362169312192247,
        1.6378364129499956,
        1.6413113755065125,
        1.6386872204867275,
        1.627381132175396,
        1.62280470457944,
        1.6240095166416912,
        1.6231822400898128
    ],
    "val_loss": [
        1.8665330264033104,
        1.850460259281859,
        1.8471710073704621,
        1.8297756958980949,
        1.8304849425140692,
        1.834969189702248,
        1.8168107368508164,
        1.8079664463899574,
        1.8008109647400525,
        1.8168650233015722,
        1.8081415429407237,
        1.8004398151319854,
        1.7950566885422687,
        1.8087144700848325,
        1.8002424653695555,
        1.7895836392227484,
        1.8060939311981201,
        1.7983995019173136,
        1.7744303528143435,
        1.7935201343224974,
        1.7902574733811982,
        1.7689085104027573,
        1.7694955528998861,
        1.7778673220653922,
        1.7658768503033384,
        1.774773154939924,
        1.7637561608333976,
        1.7667613759332774,
        1.7705574497884633,
        1.776433224580726,
        1.7611730147381217,
        1.7624594508385172,
        1.7526235045218954,
        1.7526621283317099,
        1.7615257501602173,
        1.760131767817906,
        1.758084501538958,
        1.744662839539197,
        1.7520291318698806,
        1.759410405645565,
        1.7509916071989098,
        1.7481153692517961,
        1.765119912673016,
        1.749037920212259,
        1.7477751240438344,
        1.7616007328033447,
        1.7578040458718125,
        1.7378220777122342,
        1.7494446258155667,
        1.7550316854399077,
        1.7534234475116341,
        1.7524287554682518,
        1.7624928002454796,
        1.7560203221379493,
        1.7442993996094684,
        1.7410494624351969,
        1.745037392694123,
        1.7512959923063005
    ],
    "test_accuracy": [
        25.0974025974026,
        28.149350649350648,
        28.766233766233768,
        30.974025974025974,
        30.454545454545453,
        31.68831168831169,
        31.33116883116883,
        32.04545454545455,
        33.47402597402598,
        31.363636363636363,
        32.175324675324674,
        34.22077922077922,
        35.45454545454545,
        33.37662337662338,
        34.77272727272727,
        35.25974025974026,
        34.48051948051948,
        35.064935064935064,
        37.27272727272727,
        35.48701298701299,
        35.77922077922078,
        37.37012987012987,
        37.79220779220779,
        35.90909090909091,
        37.98701298701299,
        38.27922077922078,
        38.993506493506494,
        39.8051948051948,
        38.01948051948052,
        37.4025974025974,
        38.96103896103896,
        39.05844155844156,
        40.0,
        40.1948051948052,
        38.701298701298704,
        38.92857142857143,
        39.285714285714285,
        41.46103896103896,
        40.16233766233766,
        38.27922077922078,
        40.87662337662338,
        41.85064935064935,
        38.603896103896105,
        39.61038961038961,
        40.29220779220779,
        40.064935064935064,
        40.324675324675326,
        41.785714285714285,
        40.12987012987013,
        41.103896103896105,
        40.58441558441559,
        40.064935064935064,
        39.8051948051948,
        41.42857142857143,
        40.90909090909091,
        41.36363636363637,
        42.04545454545455,
        40.811688311688314
    ]
}