{
    "trial": [
        23
    ],
    "batch_size": [
        64
    ],
    "optimizer": [
        "Adam"
    ],
    "learning rate": [
        0.0002707601429382134
    ],
    "patience": [
        10
    ],
    "weight_decay": [
        0.000229819606150288
    ],
    "p_hflip": [
        0.8125494034199369
    ],
    "p_crop": [
        0.233122049079169
    ],
    "momentum": [
        0.7703625451686601
    ],
    "drop_rate": [
        0.17173469316060622,
        0.2152185975698706,
        0.3191610498948383,
        0.48719890356031104
    ],
    "epochs": [
        1,
        2,
        3,
        4,
        5,
        6,
        7,
        8,
        9,
        10,
        11,
        12,
        13
    ],
    "train_loss": [
        1.8896759863023633,
        1.838073072185764,
        1.8228948150362287,
        1.810330174805282,
        1.8034281092804747,
        1.7984435589282544,
        1.7943277464284526,
        1.7925380421923351,
        1.7854052023454146,
        1.7884812692543128,
        1.7798870356051952,
        1.7769350274816735,
        1.7731165743493416
    ],
    "val_loss": [
        1.8682403418482567,
        1.8433983058345562,
        1.8186985375929852,
        1.8163390962445005,
        1.8163450080521253,
        1.811149541212588,
        1.8070684841700964,
        1.802705195485329,
        1.8496210526446908,
        1.7892129956459513,
        1.789193472083734,
        1.8093453329436633,
        1.8267369173011
    ],
    "test_accuracy": [
        26.2012987012987,
        30.584415584415584,
        32.01298701298701,
        32.24025974025974,
        32.435064935064936,
        34.02597402597402,
        33.798701298701296,
        35.29220779220779,
        31.2012987012987,
        34.188311688311686,
        35.357142857142854,
        34.967532467532465,
        31.038961038961038
    ]
}