{
    "trial": [
        31
    ],
    "batch_size": [
        64
    ],
    "optimizer": [
        "RMSprop"
    ],
    "learning rate": [
        0.026332917981100434
    ],
    "patience": [
        10
    ],
    "weight_decay": [
        0.00012598355049080073
    ],
    "p_hflip": [
        0.9273342652565091
    ],
    "p_crop": [
        0.54176411107532
    ],
    "momentum": [
        0.9217714438950698
    ],
    "drop_rate": [
        0.216595898063952,
        0.5011224232278263,
        0.642735926902819,
        0.43197127755655185
    ],
    "epochs": [
        1
    ],
    "train_loss": [
        2.0047042165483746
    ],
    "val_loss": [
        2.0197262058452683
    ],
    "test_accuracy": [
        13.766233766233766
    ]
}