{
    "trial": [
        22
    ],
    "batch_size": [
        64
    ],
    "optimizer": [
        "Adam"
    ],
    "learning rate": [
        0.0011456891245102158
    ],
    "patience": [
        10
    ],
    "weight_decay": [
        1.0977655077494352e-05
    ],
    "p_hflip": [
        0.9140893556851589
    ],
    "p_crop": [
        0.5865270804472209
    ],
    "momentum": [
        0.671811211167554
    ],
    "drop_rate": [
        0.28866902597169863,
        0.36625167280563564,
        0.4535573083367026,
        0.39510492095229366
    ],
    "epochs": [
        1,
        2,
        3,
        4,
        5,
        6
    ],
    "train_loss": [
        1.8855933068634627,
        1.8597364063386794,
        1.8479106906172518,
        1.8530321740484856,
        1.8427647398663807,
        1.8290086770986582
    ],
    "val_loss": [
        1.866953239148977,
        1.9044514626872784,
        1.8881661405368728,
        1.8689249194398219,
        1.8479042004565804,
        1.8416552957223387
    ],
    "test_accuracy": [
        27.5974025974026,
        23.66883116883117,
        25.032467532467532,
        27.467532467532468,
        29.74025974025974,
        29.87012987012987
    ]
}