{
    "trial": [
        41
    ],
    "batch_size": [
        64
    ],
    "optimizer": [
        "Adam"
    ],
    "learning rate": [
        0.06533743197399271
    ],
    "patience": [
        10
    ],
    "weight_decay": [
        0.0001253767456458477
    ],
    "p_hflip": [
        0.6147647127763345
    ],
    "p_crop": [
        0.4976918355101284
    ],
    "momentum": [
        0.9445306516316797
    ],
    "drop_rate": [
        0.48714705521545354,
        0.1772004581370562,
        0.3402682823343656,
        0.6400671926361802
    ],
    "epochs": [
        1
    ],
    "train_loss": [
        1.9537603941830721
    ],
    "val_loss": [
        1.9461751300461438
    ],
    "test_accuracy": [
        14.383116883116884
    ]
}