{
    "trial": [
        11
    ],
    "batch_size": [
        64
    ],
    "optimizer": [
        "SGD"
    ],
    "learning rate": [
        0.0015542432543668835
    ],
    "patience": [
        10
    ],
    "weight_decay": [
        2.8160847399444466e-05
    ],
    "p_hflip": [
        0.9950622138486884
    ],
    "p_crop": [
        0.7937446700081842
    ],
    "momentum": [
        0.8752964265466182
    ],
    "drop_rate": [
        0.24017166937201628,
        0.12622281163128812,
        0.24338005611892657,
        0.3402262576555567
    ],
    "epochs": [
        1
    ],
    "train_loss": [
        1.9300841811415437
    ],
    "val_loss": [
        1.903718079839434
    ],
    "test_accuracy": [
        23.116883116883116
    ]
}