{
    "trial": [
        37
    ],
    "batch_size": [
        64
    ],
    "optimizer": [
        "SGD"
    ],
    "learning rate": [
        0.09978936371437983
    ],
    "patience": [
        10
    ],
    "weight_decay": [
        0.0039006561457665865
    ],
    "p_hflip": [
        0.6590972141213035
    ],
    "p_crop": [
        0.15581450343629
    ],
    "momentum": [
        0.7737495928070653
    ],
    "drop_rate": [
        0.14258760159741926,
        0.6163253184759424,
        0.6641846015652639,
        0.24129707908539844
    ],
    "epochs": [
        1,
        2,
        3,
        4,
        5
    ],
    "train_loss": [
        1.891643848047628,
        1.8608229219139396,
        1.857371847350876,
        1.8577222356548557,
        1.8599043555073924
    ],
    "val_loss": [
        1.8754971781555487,
        1.8775002810419823,
        1.861057082001044,
        1.9049077131310288,
        1.8978835417299855
    ],
    "test_accuracy": [
        27.857142857142858,
        25.649350649350648,
        27.4025974025974,
        24.058441558441558,
        25.162337662337663
    ]
}