{
    "trial": [
        2
    ],
    "batch_size": [
        64
    ],
    "optimizer": [
        "Adam"
    ],
    "learning rate": [
        0.04764409499132979
    ],
    "patience": [
        10
    ],
    "weight_decay": [
        0.0001476803608328362
    ],
    "p_hflip": [
        0.6472784453825708
    ],
    "p_crop": [
        0.41482732039783454
    ],
    "momentum": [
        0.9409661719421274
    ],
    "drop_rate": [
        0.46985359579820707,
        0.24393152128551457,
        0.35817192520409924,
        0.5374457684956633
    ],
    "epochs": [
        1,
        2,
        3,
        4,
        5,
        6,
        7,
        8,
        9,
        10,
        11,
        12
    ],
    "train_loss": [
        1.9296081047553522,
        1.936043388812573,
        1.946791159022938,
        1.9466137694073962,
        1.9465524735388817,
        1.9465111020323518,
        1.9465492403352416,
        1.9464458741150894,
        1.9465910753646454,
        1.946618288523191,
        1.946449777367827,
        1.9465789119918626
    ],
    "val_loss": [
        1.9491337367466517,
        1.9456426294482485,
        1.9471601028831638,
        1.9467665516600317,
        1.9465296560404253,
        1.9463675824963316,
        1.9473670380456107,
        1.9460494639922161,
        1.94618258914169,
        1.9469926576225125,
        1.9474768176370738,
        1.9462248500512571
    ],
    "test_accuracy": [
        14.253246753246753,
        15.844155844155845,
        12.88961038961039,
        14.902597402597403,
        13.376623376623376,
        13.376623376623376,
        13.376623376623376,
        12.88961038961039,
        14.35064935064935,
        13.376623376623376,
        13.376623376623376,
        12.88961038961039
    ]
}