{
    "trial": [
        15
    ],
    "batch_size": [
        64
    ],
    "optimizer": [
        "RMSprop"
    ],
    "learning rate": [
        0.005922291247430228
    ],
    "patience": [
        10
    ],
    "weight_decay": [
        0.00209835399352411
    ],
    "p_hflip": [
        0.7859065694733527
    ],
    "p_crop": [
        0.30756187783778904
    ],
    "momentum": [
        0.8745005644503259
    ],
    "drop_rate": [
        0.19607204800262304,
        0.5254143341677734,
        0.5354385938100383,
        0.2670150482951193
    ],
    "epochs": [
        1,
        2,
        3,
        4
    ],
    "train_loss": [
        1.8960361013164768,
        1.8720109645422403,
        1.854129965274365,
        1.8952811662252846
    ],
    "val_loss": [
        1.8677656966812757,
        1.8560130352876625,
        1.9180759970022707,
        1.9073202828971707
    ],
    "test_accuracy": [
        25.974025974025974,
        25.714285714285715,
        21.623376623376622,
        23.993506493506494
    ]
}