{
    "trial": [
        13
    ],
    "batch_size": [
        64
    ],
    "optimizer": [
        "SGD"
    ],
    "learning rate": [
        0.0037543338762806616
    ],
    "patience": [
        10
    ],
    "weight_decay": [
        1.1257215577871488e-05
    ],
    "p_hflip": [
        0.9907073759159187
    ],
    "p_crop": [
        0.684305490992851
    ],
    "momentum": [
        0.9878131871385387
    ],
    "drop_rate": [
        0.23652388699832985,
        0.6989612314026393,
        0.27190331993089534,
        0.35334401904442586
    ],
    "epochs": [
        1,
        2,
        3,
        4,
        5,
        6,
        7,
        8,
        9,
        10,
        11,
        12,
        13,
        14,
        15,
        16,
        17,
        18,
        19,
        20,
        21,
        22,
        23,
        24,
        25,
        26,
        27,
        28
    ],
    "train_loss": [
        1.91421049817816,
        1.8696925361435135,
        1.8539828687519222,
        1.8411301297026794,
        1.833201507159642,
        1.8203133815294736,
        1.812675292151315,
        1.8080274789364308,
        1.8012043915785751,
        1.799944453115587,
        1.7960295534753181,
        1.7888438104035018,
        1.7855968394836823,
        1.7783019914255513,
        1.7735519997485272,
        1.763807336386148,
        1.7626052252658002,
        1.755892057542677,
        1.7560350641027673,
        1.7576452837361918,
        1.7451541594096593,
        1.7406288840553976,
        1.7300330635789152,
        1.7283669363368641,
        1.728597168488936,
        1.7194460243373721,
        1.7146901109001853,
        1.7168208496911186
    ],
    "val_loss": [
        1.8814633281863467,
        1.8580895710964591,
        1.849439762076553,
        1.84003234882744,
        1.824439060931303,
        1.8147772331627048,
        1.8204208393486179,
        1.8130011874802259,
        1.7913830547916645,
        1.8002828748858706,
        1.7929824639339835,
        1.7886906862258911,
        1.782613187420125,
        1.793136095514103,
        1.7785352955059128,
        1.7737373137960628,
        1.7789311384668156,
        1.7768484548646577,
        1.7906432784333521,
        1.7679372806938327,
        1.7796109501196413,
        1.7684354611805506,
        1.766594682421003,
        1.7732213394982475,
        1.7689337024883347,
        1.764194048180872,
        1.7671732586257312,
        1.7698637684997247
    ],
    "test_accuracy": [
        25.584415584415584,
        26.915584415584416,
        27.857142857142858,
        27.75974025974026,
        31.428571428571427,
        31.850649350649352,
        31.72077922077922,
        32.5974025974026,
        33.18181818181818,
        33.83116883116883,
        34.35064935064935,
        35.1948051948052,
        35.94155844155844,
        35.64935064935065,
        35.77922077922078,
        36.13636363636363,
        35.64935064935065,
        37.435064935064936,
        36.006493506493506,
        37.564935064935064,
        36.36363636363637,
        39.253246753246756,
        37.857142857142854,
        37.6948051948052,
        37.79220779220779,
        37.077922077922075,
        38.14935064935065,
        36.55844155844156
    ]
}