{
    "trial": [
        46
    ],
    "batch_size": [
        64
    ],
    "optimizer": [
        "RMSprop"
    ],
    "learning rate": [
        0.0001542150350267383
    ],
    "patience": [
        10
    ],
    "weight_decay": [
        0.00046284764021191035
    ],
    "p_hflip": [
        0.6590355744637463
    ],
    "p_crop": [
        0.7212168029732755
    ],
    "momentum": [
        0.6994289685137028
    ],
    "drop_rate": [
        0.13096608496651044,
        0.2897773736678567,
        0.13682632278839854,
        0.3070420755066964
    ],
    "epochs": [
        1,
        2,
        3,
        4,
        5,
        6,
        7,
        8,
        9,
        10,
        11,
        12,
        13,
        14,
        15,
        16,
        17,
        18,
        19,
        20,
        21,
        22,
        23,
        24,
        25,
        26,
        27,
        28,
        29
    ],
    "train_loss": [
        1.864054233996899,
        1.8339703045882187,
        1.8161244999278676,
        1.806545647398218,
        1.7953376983667348,
        1.7822844886160516,
        1.776474939693104,
        1.7672597860361074,
        1.7599537601718656,
        1.7515471659697495,
        1.74772898438689,
        1.7392240682205597,
        1.732974310354753,
        1.7250005288557573,
        1.7174219211974702,
        1.708481681811345,
        1.7024131496231276,
        1.69058436449472,
        1.6823244918476452,
        1.6753613310974913,
        1.666905181438892,
        1.6513451130359205,
        1.6422175230917992,
        1.6310197625841414,
        1.6218429488021058,
        1.6166400054832557,
        1.6049489275201574,
        1.5994420999056334,
        1.5889432294028145
    ],
    "val_loss": [
        1.8498681929646705,
        1.8244426980310557,
        1.8344577112976386,
        1.795356375830514,
        1.794810810867621,
        1.7895323743625564,
        1.7861384858890457,
        1.7798731643326429,
        1.775262071161854,
        1.7786506244114466,
        1.7850261488739325,
        1.7649156293090509,
        1.7517390226831242,
        1.7593190402400738,
        1.7789378141870305,
        1.7822529929024833,
        1.7592008722071746,
        1.7655647482190813,
        1.7430983903456707,
        1.7662183362610486,
        1.7537421498979842,
        1.7735943015740843,
        1.7489667863261944,
        1.7505010853008347,
        1.7642381166925236,
        1.7476434756298453,
        1.7462860735095278,
        1.748423853699042,
        1.7450385628914347
    ],
    "test_accuracy": [
        29.318181818181817,
        32.20779220779221,
        32.98701298701299,
        34.74025974025974,
        36.103896103896105,
        35.45454545454545,
        37.175324675324674,
        38.37662337662338,
        39.41558441558441,
        38.05194805194805,
        36.42857142857143,
        39.188311688311686,
        40.422077922077925,
        38.01948051948052,
        39.15584415584416,
        37.5,
        39.74025974025974,
        38.116883116883116,
        42.24025974025974,
        38.798701298701296,
        40.97402597402598,
        37.435064935064936,
        40.58441558441559,
        41.46103896103896,
        39.383116883116884,
        40.714285714285715,
        41.396103896103895,
        40.77922077922078,
        41.785714285714285
    ]
}