{
    "trial": [
        10
    ],
    "batch_size": [
        64
    ],
    "optimizer": [
        "RMSprop"
    ],
    "learning rate": [
        0.00038302185532171183
    ],
    "patience": [
        10
    ],
    "weight_decay": [
        3.9015944942699126e-05
    ],
    "p_hflip": [
        0.49977672164093795
    ],
    "p_crop": [
        0.8915707284081945
    ],
    "momentum": [
        0.6878088433599098
    ],
    "drop_rate": [
        0.10755217055936908,
        0.275688569892688,
        0.1532958774260048,
        0.2951656742858667
    ],
    "epochs": [
        1
    ],
    "train_loss": [
        1.870833663816576
    ],
    "val_loss": [
        1.885966502890295
    ],
    "test_accuracy": [
        25.032467532467532
    ]
}