{
    "trial": [
        25
    ],
    "batch_size": [
        64
    ],
    "optimizer": [
        "SGD"
    ],
    "learning rate": [
        6.07857218184439e-05
    ],
    "patience": [
        10
    ],
    "weight_decay": [
        0.0019433924811150533
    ],
    "p_hflip": [
        0.6848725820824266
    ],
    "p_crop": [
        0.35908831987802475
    ],
    "momentum": [
        0.9092358844290456
    ],
    "drop_rate": [
        0.2533446992412725,
        0.6568882414578499,
        0.4263296350640372,
        0.20955804938371814
    ],
    "epochs": [
        1
    ],
    "train_loss": [
        1.9514811664432674
    ],
    "val_loss": [
        1.9413812793031031
    ],
    "test_accuracy": [
        16.071428571428573
    ]
}