{
    "trial": [
        39
    ],
    "batch_size": [
        64
    ],
    "optimizer": [
        "RMSprop"
    ],
    "learning rate": [
        0.0003712241584229264
    ],
    "patience": [
        10
    ],
    "weight_decay": [
        8.847588819291233e-05
    ],
    "p_hflip": [
        0.811217038724239
    ],
    "p_crop": [
        0.4191110521775334
    ],
    "momentum": [
        0.836887964366472
    ],
    "drop_rate": [
        0.3513001601329198,
        0.4754980033982808,
        0.4875519195369643,
        0.3272217286511163
    ],
    "epochs": [
        1,
        2,
        3,
        4,
        5,
        6,
        7,
        8,
        9,
        10,
        11,
        12,
        13
    ],
    "train_loss": [
        1.8883083913233374,
        1.8618447288290247,
        1.846942916473785,
        1.827426163252298,
        1.8178152130795764,
        1.8097731500476986,
        1.80106344192059,
        1.795583837372916,
        1.7914619464378851,
        1.7832630835570298,
        1.778561712240244,
        1.7752563721173769,
        1.768156903440302
    ],
    "val_loss": [
        1.869260972859908,
        1.8531841915480944,
        1.8375093377366358,
        1.8563388099475784,
        1.852647538087806,
        1.8215295587267195,
        1.8592677797589983,
        1.8034188187852198,
        1.8054523419360726,
        1.8080443362800442,
        1.8015234032455756,
        1.7961851869310652,
        1.8072364476262306
    ],
    "test_accuracy": [
        26.818181818181817,
        27.175324675324674,
        29.448051948051948,
        27.37012987012987,
        28.636363636363637,
        32.20779220779221,
        30.227272727272727,
        33.92857142857143,
        33.701298701298704,
        33.27922077922078,
        34.87012987012987,
        35.12987012987013,
        33.246753246753244
    ]
}