{
    "trial": [
        43
    ],
    "batch_size": [
        64
    ],
    "optimizer": [
        "Adam"
    ],
    "learning rate": [
        0.020165283059788968
    ],
    "patience": [
        10
    ],
    "weight_decay": [
        0.00018154116384376092
    ],
    "p_hflip": [
        0.03998026825353018
    ],
    "p_crop": [
        0.6281118409471752
    ],
    "momentum": [
        0.610061834215603
    ],
    "drop_rate": [
        0.6464149683962321,
        0.1459427579595034,
        0.385674174380783,
        0.5342286407229044
    ],
    "epochs": [
        1
    ],
    "train_loss": [
        1.925276873947738
    ],
    "val_loss": [
        1.9084915798537585
    ],
    "test_accuracy": [
        21.396103896103895
    ]
}