{
    "trial": [
        45
    ],
    "batch_size": [
        64
    ],
    "optimizer": [
        "SGD"
    ],
    "learning rate": [
        0.058249111376603754
    ],
    "patience": [
        10
    ],
    "weight_decay": [
        0.0011510820921665646
    ],
    "p_hflip": [
        0.11641231367825411
    ],
    "p_crop": [
        0.28166599349235916
    ],
    "momentum": [
        0.9328408976057808
    ],
    "drop_rate": [
        0.32830143669393763,
        0.5900327594140391,
        0.4435079479191938,
        0.36840053187330396
    ],
    "epochs": [
        1
    ],
    "train_loss": [
        1.8985930452099093
    ],
    "val_loss": [
        1.8820807471567271
    ],
    "test_accuracy": [
        25.0974025974026
    ]
}