{
    "trial": [
        27
    ],
    "batch_size": [
        64
    ],
    "optimizer": [
        "RMSprop"
    ],
    "learning rate": [
        0.0007502811003532645
    ],
    "patience": [
        10
    ],
    "weight_decay": [
        1.0783480001413947e-06
    ],
    "p_hflip": [
        0.8311521149941823
    ],
    "p_crop": [
        0.5917850161786915
    ],
    "momentum": [
        0.6986536901478091
    ],
    "drop_rate": [
        0.3474799682329854,
        0.45500144591695996,
        0.15823450517554108,
        0.38454191003319205
    ],
    "epochs": [
        1,
        2
    ],
    "train_loss": [
        1.8839130813425238,
        1.8521251746586391
    ],
    "val_loss": [
        1.8693307370555645,
        1.873729151122424
    ],
    "test_accuracy": [
        26.071428571428573,
        25.324675324675326
    ]
}