{
    "trial": [
        1
    ],
    "batch_size": [
        64
    ],
    "optimizer": [
        "RMSprop"
    ],
    "learning rate": [
        0.000356375095560032
    ],
    "patience": [
        10
    ],
    "weight_decay": [
        0.0009753028672249331
    ],
    "p_hflip": [
        0.9925232774856182
    ],
    "p_crop": [
        0.5023379849382505
    ],
    "momentum": [
        0.820923965533372
    ],
    "drop_rate": [
        0.15143277913633318,
        0.4675069502846576,
        0.1298395967843196,
        0.41437941670841916
    ],
    "epochs": [
        1,
        2,
        3,
        4,
        5,
        6,
        7,
        8,
        9,
        10,
        11,
        12,
        13,
        14,
        15,
        16,
        17,
        18,
        19,
        20,
        21,
        22,
        23,
        24,
        25,
        26,
        27,
        28,
        29,
        30,
        31,
        32,
        33,
        34,
        35,
        36,
        37,
        38,
        39,
        40,
        41,
        42,
        43,
        44,
        45,
        46,
        47,
        48,
        49,
        50,
        51
    ],
    "train_loss": [
        1.879400919629382,
        1.8398201155972171,
        1.8252564077253466,
        1.8120882170540946,
        1.8012807248474716,
        1.7969659387291252,
        1.7880280305812886,
        1.784463854269548,
        1.7773409202501371,
        1.7716875265171002,
        1.7671748830126477,
        1.760336371520897,
        1.7554736979596026,
        1.7537260136046966,
        1.7448894785596178,
        1.7414892961452533,
        1.7375442415088802,
        1.7338010667206405,
        1.7321145023618425,
        1.724217170554322,
        1.722954321526862,
        1.713302858773764,
        1.7072246300709712,
        1.703606440494587,
        1.7035356264609796,
        1.6977535978540197,
        1.6964728141759897,
        1.692682900366845,
        1.6900529059496794,
        1.684228597368513,
        1.6811312468020947,
        1.6741709034164232,
        1.6747592672125085,
        1.6637623390594085,
        1.664745104467714,
        1.6592895823639708,
        1.6589088808406482,
        1.6530081848045448,
        1.6473381435716308,
        1.6475911799963419,
        1.6394601673274845,
        1.635611925187049,
        1.632747289112636,
        1.6268006538415885,
        1.6267532958612814,
        1.6228697909937277,
        1.6160164179740013,
        1.6125695816882244,
        1.6063284449763113,
        1.6057715830864845,
        1.6000525877073213
    ],
    "val_loss": [
        1.8778478247778756,
        1.8262645590062043,
        1.8242846119160554,
        1.8680022638671252,
        1.8449982526350994,
        1.8110568012510027,
        1.7901183074834395,
        1.788033373501836,
        1.8038578714643205,
        1.7867008642274507,
        1.817490105726281,
        1.8031717441519912,
        1.7906457575000063,
        1.769744605434184,
        1.7986885674145756,
        1.7705518250562706,
        1.7564298036147137,
        1.7720797889086666,
        1.7920470286388785,
        1.7647085944000556,
        1.7528929710388184,
        1.74407439085902,
        1.7553894422492202,
        1.7446608811008686,
        1.747261964544958,
        1.7483161858149938,
        1.751596020192516,
        1.748837592650433,
        1.7523078699501193,
        1.7390346575756461,
        1.7375913712443138,
        1.7261641682410727,
        1.7270480345706551,
        1.7348257449208473,
        1.7297388047588116,
        1.7449440688503033,
        1.7295833023226992,
        1.7389254618664176,
        1.7267685204136127,
        1.726214912472939,
        1.720478235458841,
        1.7260746177361936,
        1.7399173974990845,
        1.745191094826679,
        1.7276977397957627,
        1.7546945883303273,
        1.7272213551462914,
        1.7222364605689535,
        1.744756126890377,
        1.7377023161674032,
        1.7410692706400035
    ],
    "test_accuracy": [
        25.81168831168831,
        31.136363636363637,
        31.103896103896105,
        27.564935064935064,
        29.18831168831169,
        34.22077922077922,
        36.883116883116884,
        36.006493506493506,
        36.62337662337662,
        37.62987012987013,
        33.896103896103895,
        34.935064935064936,
        37.33766233766234,
        38.116883116883116,
        36.33116883116883,
        37.142857142857146,
        40.16233766233766,
        38.214285714285715,
        36.36363636363637,
        37.95454545454545,
        39.9025974025974,
        40.90909090909091,
        41.103896103896105,
        42.3051948051948,
        40.58441558441559,
        40.714285714285715,
        39.8051948051948,
        42.01298701298701,
        40.714285714285715,
        42.077922077922075,
        41.16883116883117,
        43.311688311688314,
        43.27922077922078,
        41.785714285714285,
        42.922077922077925,
        40.811688311688314,
        43.05194805194805,
        42.142857142857146,
        42.75974025974026,
        42.88961038961039,
        43.603896103896105,
        43.05194805194805,
        40.616883116883116,
        42.435064935064936,
        41.42857142857143,
        40.324675324675326,
        41.62337662337662,
        44.05844155844156,
        43.53896103896104,
        42.6948051948052,
        41.59090909090909
    ]
}