{
    "trial": [
        28
    ],
    "batch_size": [
        64
    ],
    "optimizer": [
        "Adam"
    ],
    "learning rate": [
        7.871747554830059e-05
    ],
    "patience": [
        10
    ],
    "weight_decay": [
        0.00326833333139518
    ],
    "p_hflip": [
        0.7646838891052083
    ],
    "p_crop": [
        0.4594207593135333
    ],
    "momentum": [
        0.6086455143944729
    ],
    "drop_rate": [
        0.6896351035647732,
        0.5566873483357013,
        0.6104157222942852,
        0.6030081886941268
    ],
    "epochs": [
        1
    ],
    "train_loss": [
        1.948187755299853
    ],
    "val_loss": [
        1.936669378864522
    ],
    "test_accuracy": [
        14.902597402597403
    ]
}