{
    "trial": [
        8
    ],
    "batch_size": [
        64
    ],
    "optimizer": [
        "RMSprop"
    ],
    "learning rate": [
        1.6119117697088972e-05
    ],
    "patience": [
        10
    ],
    "weight_decay": [
        0.0066830989872966205
    ],
    "p_hflip": [
        0.2812012948855185
    ],
    "p_crop": [
        0.19446281655644893
    ],
    "momentum": [
        0.7938289380832281
    ],
    "drop_rate": [
        0.5885122730101005,
        0.5954602725247607,
        0.4550670849478987,
        0.6590114305713003
    ],
    "epochs": [
        1
    ],
    "train_loss": [
        1.9534227761355314
    ],
    "val_loss": [
        1.9358472945738812
    ],
    "test_accuracy": [
        15.487012987012987
    ]
}