{
    "trial": [
        19
    ],
    "batch_size": [
        64
    ],
    "optimizer": [
        "Adam"
    ],
    "learning rate": [
        0.0003396853880484587
    ],
    "patience": [
        10
    ],
    "weight_decay": [
        6.088330824469708e-05
    ],
    "p_hflip": [
        0.7493229895560949
    ],
    "p_crop": [
        0.29388159315735013
    ],
    "momentum": [
        0.680839463738751
    ],
    "drop_rate": [
        0.17968469033749493,
        0.14462983418739872,
        0.5636194650675634,
        0.20128321693646017
    ],
    "epochs": [
        1,
        2,
        3,
        4,
        5,
        6,
        7,
        8,
        9,
        10,
        11,
        12,
        13,
        14,
        15,
        16,
        17,
        18,
        19,
        20,
        21,
        22,
        23,
        24,
        25,
        26,
        27,
        28,
        29,
        30,
        31,
        32,
        33,
        34,
        35,
        36,
        37,
        38,
        39,
        40
    ],
    "train_loss": [
        1.8809908331214606,
        1.8367051663336815,
        1.8222528494797743,
        1.8061979882128827,
        1.8070663359258081,
        1.7992378172936379,
        1.7911910190210714,
        1.7828178464592277,
        1.783801310712641,
        1.784004763813762,
        1.7719787523343966,
        1.7702040179983363,
        1.7637165215108301,
        1.763600382557163,
        1.762108124695815,
        1.7631653311964754,
        1.757598919373054,
        1.7497803028527792,
        1.7492311267109661,
        1.748689986204172,
        1.7409137945670585,
        1.7421997051734428,
        1.73730403510007,
        1.733214824849909,
        1.7323019405464073,
        1.7287242226786428,
        1.7251389766668344,
        1.7202359719709917,
        1.7173187602650035,
        1.714481586914558,
        1.7099031110862632,
        1.7113163183261821,
        1.7071788106645858,
        1.7077655885126684,
        1.7020307581146041,
        1.704532900104275,
        1.6983929863223781,
        1.697492731081975,
        1.6895944065861888,
        1.688367579200051
    ],
    "val_loss": [
        1.8627692388028514,
        1.8214943652250328,
        1.822058410060649,
        1.8095796400186968,
        1.837643212201644,
        1.8021303780224858,
        1.7877209040583397,
        1.8224135637283325,
        1.8023933147897526,
        1.8017045210818856,
        1.7951880839406227,
        1.7852666548320226,
        1.7995561166685454,
        1.8150493855379066,
        1.7858765709156892,
        1.7893198728561401,
        1.8164954623397516,
        1.7999134525960805,
        1.8227426251586603,
        1.783770921278973,
        1.7631106206348963,
        1.7470936142668432,
        1.7597102924269072,
        1.7788025627330857,
        1.757631472178868,
        1.760554968094339,
        1.7610331676444229,
        1.8134346251585045,
        1.7473353634075242,
        1.738968430733194,
        1.7539402708715321,
        1.7486869486010805,
        1.7504070510669631,
        1.7424714321992836,
        1.7643196826078453,
        1.749402827146102,
        1.7598701764126212,
        1.745610319838232,
        1.746318405988265,
        1.7486091998158668
    ],
    "test_accuracy": [
        26.525974025974026,
        32.5,
        33.47402597402598,
        34.31818181818182,
        30.032467532467532,
        34.9025974025974,
        36.13636363636363,
        33.76623376623377,
        36.33116883116883,
        35.68181818181818,
        36.26623376623377,
        36.13636363636363,
        36.396103896103895,
        35.12987012987013,
        36.62337662337662,
        35.714285714285715,
        32.824675324675326,
        36.72077922077922,
        34.642857142857146,
        36.883116883116884,
        39.967532467532465,
        40.87662337662338,
        39.87012987012987,
        38.34415584415584,
        40.84415584415584,
        39.31818181818182,
        40.51948051948052,
        34.54545454545455,
        42.01298701298701,
        42.532467532467535,
        40.90909090909091,
        41.36363636363637,
        41.103896103896105,
        40.811688311688314,
        40.064935064935064,
        41.42857142857143,
        39.41558441558441,
        41.36363636363637,
        41.23376623376623,
        41.52597402597402
    ]
}