{
    "trial": [
        16
    ],
    "batch_size": [
        64
    ],
    "optimizer": [
        "SGD"
    ],
    "learning rate": [
        0.00010595153429462172
    ],
    "patience": [
        10
    ],
    "weight_decay": [
        1.0780427130175909e-06
    ],
    "p_hflip": [
        0.8666291573309869
    ],
    "p_crop": [
        0.40608302207031943
    ],
    "momentum": [
        0.8107493432444524
    ],
    "drop_rate": [
        0.45809833315434845,
        0.3221790704273138,
        0.2904506819319967,
        0.4585692042454264
    ],
    "epochs": [
        1
    ],
    "train_loss": [
        1.9569435615044135
    ],
    "val_loss": [
        1.9413902443282458
    ],
    "test_accuracy": [
        14.642857142857142
    ]
}