{
    "trial": [
        0
    ],
    "batch_size": [
        64
    ],
    "optimizer": [
        "RMSprop"
    ],
    "learning rate": [
        0.010254681222344056
    ],
    "patience": [
        10
    ],
    "weight_decay": [
        0.000639670885412899
    ],
    "p_hflip": [
        0.8856770054628296
    ],
    "p_crop": [
        0.5408331965434577
    ],
    "momentum": [
        0.9456860101436777
    ],
    "drop_rate": [
        0.4041977479600517,
        0.5064359392066541,
        0.6445799172241111,
        0.4319381084028703
    ],
    "epochs": [
        1,
        2,
        3,
        4,
        5,
        6,
        7,
        8,
        9,
        10,
        11,
        12,
        13,
        14,
        15,
        16,
        17,
        18,
        19,
        20,
        21,
        22,
        23,
        24,
        25,
        26,
        27,
        28,
        29,
        30,
        31,
        32,
        33,
        34,
        35,
        36,
        37,
        38,
        39,
        40,
        41,
        42
    ],
    "train_loss": [
        1.9093803842346388,
        1.892441572152175,
        1.8793290878271127,
        1.8671399258947992,
        1.8579148410202622,
        1.847063220321358,
        1.8424344688266903,
        1.8333430073478005,
        1.8260585648672922,
        1.8245146754500154,
        1.8258734362465994,
        1.8186783304462184,
        1.8165950223997043,
        1.8092952619899403,
        1.8137768376957286,
        1.8067044109493107,
        1.8071510494529426,
        1.8132258127262066,
        1.804707060231791,
        1.799315442667379,
        1.795452097793678,
        1.7927435856360894,
        1.7917363334011722,
        1.788286887515675,
        1.7910233729845517,
        1.786742472338986,
        1.784103940369247,
        1.7852560086683793,
        1.7813372138258698,
        1.7889252801994224,
        1.7825206313814437,
        1.781767768983717,
        1.7781657178680619,
        1.778319720478801,
        1.778344405781139,
        1.7743748119899205,
        1.7737727434604198,
        1.7690954155736156,
        1.772923716322168,
        1.7729123078383409,
        1.7733722627937019,
        1.7661047752801473
    ],
    "val_loss": [
        1.8699051214724172,
        1.8878320844805971,
        1.8913196373958976,
        1.8883666627261104,
        1.8536797810573966,
        1.8393418521297222,
        1.8272316431512639,
        1.8239817740965862,
        1.82198724454763,
        1.8390757721297595,
        1.830732411267806,
        1.8556116381470038,
        1.826337792435471,
        1.8127610999710706,
        1.8107480662209647,
        1.8422348183028552,
        1.8390043341383642,
        1.8132234203572175,
        1.7995599435300242,
        1.7983969109398978,
        1.807103198401782,
        1.796018581001126,
        1.7938136202948434,
        1.8013002580525923,
        1.7926316163977798,
        1.797613727803133,
        1.7868237130495968,
        1.7978145759932849,
        1.8464507180817273,
        1.7937666785960296,
        1.8023872083547163,
        1.78232927225074,
        1.7836602001774067,
        1.7948786312220049,
        1.786973053095292,
        1.8154151026083498,
        1.7835310867854528,
        1.7986339671271188,
        1.7974422269937944,
        1.8018149283467506,
        1.7866441595311067,
        1.7884614589262982
    ],
    "test_accuracy": [
        27.01298701298701,
        24.350649350649352,
        22.37012987012987,
        26.558441558441558,
        27.045454545454547,
        28.863636363636363,
        30.81168831168831,
        30.162337662337663,
        32.95454545454545,
        31.33116883116883,
        31.363636363636363,
        28.733766233766232,
        32.142857142857146,
        33.44155844155844,
        33.993506493506494,
        31.428571428571427,
        31.915584415584416,
        34.61038961038961,
        34.87012987012987,
        35.032467532467535,
        33.57142857142857,
        34.253246753246756,
        36.26623376623377,
        34.77272727272727,
        35.68181818181818,
        36.94805194805195,
        37.435064935064936,
        35.714285714285715,
        30.42207792207792,
        36.16883116883117,
        34.02597402597402,
        35.68181818181818,
        37.175324675324674,
        36.26623376623377,
        37.04545454545455,
        34.642857142857146,
        37.5974025974026,
        36.26623376623377,
        37.01298701298701,
        36.298701298701296,
        37.33766233766234,
        37.27272727272727
    ]
}