{
    "trial": [
        47
    ],
    "batch_size": [
        64
    ],
    "optimizer": [
        "RMSprop"
    ],
    "learning rate": [
        0.00014675452295527479
    ],
    "patience": [
        10
    ],
    "weight_decay": [
        0.00032590472320734976
    ],
    "p_hflip": [
        0.7932242337883894
    ],
    "p_crop": [
        0.7145488470968799
    ],
    "momentum": [
        0.7280849729909599
    ],
    "drop_rate": [
        0.14567097433976944,
        0.2961980568550125,
        0.13497411816228277,
        0.3039026289598245
    ],
    "epochs": [
        1,
        2,
        3,
        4,
        5,
        6,
        7,
        8,
        9,
        10,
        11,
        12,
        13,
        14,
        15,
        16,
        17,
        18,
        19,
        20,
        21,
        22,
        23,
        24,
        25,
        26,
        27,
        28,
        29,
        30,
        31,
        32,
        33,
        34,
        35
    ],
    "train_loss": [
        1.859193670594847,
        1.8268551783128217,
        1.811688298064393,
        1.800937127757382,
        1.791758299802805,
        1.778486553105441,
        1.7731544089007687,
        1.7628545779686469,
        1.752546764658643,
        1.7478781396692449,
        1.7395085957143215,
        1.734786268333336,
        1.7320726580434032,
        1.7209095103400094,
        1.7141646985883836,
        1.7058643294619276,
        1.6966985265929977,
        1.684653452154878,
        1.679918156970631,
        1.6678307170991773,
        1.6577420500965863,
        1.6466053798601226,
        1.6387576499542633,
        1.629151176787042,
        1.6151340190466348,
        1.6115105502017133,
        1.595453202260005,
        1.5923777450214733,
        1.5829596017862295,
        1.5711991093375466,
        1.5650356942957098,
        1.5634463533178553,
        1.5515576195407224,
        1.5462159540746119,
        1.5353952683411636
    ],
    "val_loss": [
        1.8359819869605862,
        1.8389894378428557,
        1.819057617868696,
        1.7995249422229067,
        1.802686401775905,
        1.8245888048288774,
        1.7929774206511828,
        1.8038507724294857,
        1.7957540142292878,
        1.764442363563849,
        1.7699751440359621,
        1.7751019974144138,
        1.7785719998028813,
        1.7555457694189889,
        1.7543238352756112,
        1.7591584604613635,
        1.7505717837080663,
        1.7524100444754775,
        1.7506567507374042,
        1.7452709626178353,
        1.7471605636635605,
        1.732538719566501,
        1.7479967827699623,
        1.7412692259769051,
        1.7247376904195668,
        1.7269727818819942,
        1.7628639741819732,
        1.736018283026559,
        1.7364342942529796,
        1.729275148742053,
        1.737726352652725,
        1.7324920722416468,
        1.7367710069734223,
        1.7306025125542466,
        1.7466764887984918
    ],
    "test_accuracy": [
        30.0,
        31.266233766233768,
        32.88961038961039,
        35.0974025974026,
        34.35064935064935,
        32.3051948051948,
        34.35064935064935,
        34.253246753246756,
        33.798701298701296,
        38.603896103896105,
        38.83116883116883,
        37.142857142857146,
        37.5974025974026,
        39.31818181818182,
        39.70779220779221,
        38.993506493506494,
        40.616883116883116,
        39.577922077922075,
        38.896103896103895,
        41.201298701298704,
        41.33116883116883,
        42.01298701298701,
        40.12987012987013,
        40.38961038961039,
        41.52597402597402,
        41.396103896103895,
        39.188311688311686,
        41.91558441558441,
        41.298701298701296,
        41.36363636363637,
        41.006493506493506,
        40.84415584415584,
        40.97402597402598,
        42.5974025974026,
        40.94155844155844
    ]
}