{
    "trial": [
        42
    ],
    "batch_size": [
        64
    ],
    "optimizer": [
        "Adam"
    ],
    "learning rate": [
        0.030177817484097272
    ],
    "patience": [
        10
    ],
    "weight_decay": [
        0.0005916963214095599
    ],
    "p_hflip": [
        0.7257620424074903
    ],
    "p_crop": [
        0.059856434205805775
    ],
    "momentum": [
        0.8897090326702054
    ],
    "drop_rate": [
        0.38674682095773666,
        0.2391684583505534,
        0.2873324447684389,
        0.5518194472658011
    ],
    "epochs": [
        1
    ],
    "train_loss": [
        1.931995659369927
    ],
    "val_loss": [
        1.9444699530698815
    ],
    "test_accuracy": [
        13.603896103896103
    ]
}