{
    "trial": [
        36
    ],
    "batch_size": [
        64
    ],
    "optimizer": [
        "RMSprop"
    ],
    "learning rate": [
        0.002363554513877231
    ],
    "patience": [
        10
    ],
    "weight_decay": [
        0.0006032061628795778
    ],
    "p_hflip": [
        0.42505231576517355
    ],
    "p_crop": [
        0.23089337770286084
    ],
    "momentum": [
        0.5166656034405973
    ],
    "drop_rate": [
        0.4062869706613287,
        0.3198511897618973,
        0.6314882779693378,
        0.5740601908579739
    ],
    "epochs": [
        1
    ],
    "train_loss": [
        1.9058733200098013
    ],
    "val_loss": [
        1.874560927858158
    ],
    "test_accuracy": [
        24.642857142857142
    ]
}