{
    "trial": [
        29
    ],
    "batch_size": [
        64
    ],
    "optimizer": [
        "SGD"
    ],
    "learning rate": [
        0.09188172298811016
    ],
    "patience": [
        10
    ],
    "weight_decay": [
        5.0047054913820265e-06
    ],
    "p_hflip": [
        0.9070482070269033
    ],
    "p_crop": [
        0.07639596879239063
    ],
    "momentum": [
        0.8479035410743779
    ],
    "drop_rate": [
        0.43853629611041234,
        0.4791876598195035,
        0.6974851207199085,
        0.48742041574642414
    ],
    "epochs": [
        1,
        2,
        3,
        4,
        5,
        6,
        7,
        8,
        9,
        10,
        11,
        12,
        13,
        14,
        15,
        16,
        17,
        18,
        19,
        20,
        21,
        22
    ],
    "train_loss": [
        1.8962172858126751,
        1.8592987119377433,
        1.8439903918798868,
        1.8357590808496846,
        1.8254005029604032,
        1.8157967347603339,
        1.8144395035582703,
        1.8060245687311345,
        1.8031623598817106,
        1.7980016572134836,
        1.79299771847663,
        1.783585067538472,
        1.7854408199136906,
        1.7783217269104796,
        1.7777569092713392,
        1.7651839067409565,
        1.7634247132710048,
        1.7641280586069281,
        1.7559038443998858,
        1.7515872088345614,
        1.7471692528043474,
        1.7460840194256275
    ],
    "val_loss": [
        1.8759922543350531,
        1.8432748609659624,
        1.8390912523075027,
        1.8311031910837914,
        1.8164740022347898,
        1.815646008569367,
        1.8179677140956023,
        1.803841055655966,
        1.792473323491155,
        1.8008065734590804,
        1.7914301278639813,
        1.7966565964173298,
        1.79035243696096,
        1.7712988074944944,
        1.7817702220410716,
        1.7859428829076338,
        1.7781091466241954,
        1.766183327655403,
        1.7702564268696064,
        1.7865723395834163,
        1.773866638845327,
        1.7657798650313397
    ],
    "test_accuracy": [
        25.551948051948052,
        30.42207792207792,
        29.837662337662337,
        31.266233766233768,
        32.564935064935064,
        31.753246753246753,
        31.98051948051948,
        34.83766233766234,
        34.642857142857146,
        34.967532467532465,
        36.493506493506494,
        35.422077922077925,
        36.72077922077922,
        37.75974025974026,
        37.142857142857146,
        35.58441558441559,
        37.27272727272727,
        37.95454545454545,
        38.40909090909091,
        36.85064935064935,
        37.62987012987013,
        38.53896103896104
    ]
}