{
    "trial": [
        26
    ],
    "batch_size": [
        64
    ],
    "optimizer": [
        "RMSprop"
    ],
    "learning rate": [
        0.015449067324752305
    ],
    "patience": [
        10
    ],
    "weight_decay": [
        2.0324945231408987e-05
    ],
    "p_hflip": [
        0.6279878292564325
    ],
    "p_crop": [
        0.15267039802548482
    ],
    "momentum": [
        0.9848130033762651
    ],
    "drop_rate": [
        0.1399035429268567,
        0.275871527436874,
        0.5192354368176549,
        0.3213161969417517
    ],
    "epochs": [
        1
    ],
    "train_loss": [
        1.9224394482451599
    ],
    "val_loss": [
        1.884922210051089
    ],
    "test_accuracy": [
        25.0
    ]
}