{
    "trial": [
        30
    ],
    "batch_size": [
        64
    ],
    "optimizer": [
        "RMSprop"
    ],
    "learning rate": [
        0.010230666799140226
    ],
    "patience": [
        10
    ],
    "weight_decay": [
        0.000374633417032936
    ],
    "p_hflip": [
        0.5686790011864893
    ],
    "p_crop": [
        0.768912960098568
    ],
    "momentum": [
        0.9058599480678249
    ],
    "drop_rate": [
        0.5218804735782071,
        0.3896533898241624,
        0.3567858545500915,
        0.4323205863842995
    ],
    "epochs": [
        1
    ],
    "train_loss": [
        1.9280830008643015
    ],
    "val_loss": [
        1.884311700353817
    ],
    "test_accuracy": [
        23.7012987012987
    ]
}