{
    "trial": [
        7
    ],
    "batch_size": [
        64
    ],
    "optimizer": [
        "SGD"
    ],
    "learning rate": [
        5.431713297219233e-05
    ],
    "patience": [
        10
    ],
    "weight_decay": [
        0.0008481126647902911
    ],
    "p_hflip": [
        0.13452999019540424
    ],
    "p_crop": [
        0.10725988597997282
    ],
    "momentum": [
        0.6328627791454863
    ],
    "drop_rate": [
        0.36812403531977445,
        0.6993167082287268,
        0.41105603862599316,
        0.6725243265419337
    ],
    "epochs": [
        1
    ],
    "train_loss": [
        1.9586534199776588
    ],
    "val_loss": [
        1.946143286568778
    ],
    "test_accuracy": [
        14.415584415584416
    ]
}