{
    "trial": [
        34
    ],
    "batch_size": [
        64
    ],
    "optimizer": [
        "RMSprop"
    ],
    "learning rate": [
        0.007634724811093863
    ],
    "patience": [
        10
    ],
    "weight_decay": [
        0.009443312768780118
    ],
    "p_hflip": [
        0.8409626518531306
    ],
    "p_crop": [
        0.4762693255131872
    ],
    "momentum": [
        0.8842519010642665
    ],
    "drop_rate": [
        0.5706022806503459,
        0.6498927422621543,
        0.588713681471641,
        0.11825245145774654
    ],
    "epochs": [
        1,
        2,
        3,
        4
    ],
    "train_loss": [
        1.9154853148893876,
        1.883270346034657,
        1.8730467112033398,
        1.8744953220540828
    ],
    "val_loss": [
        1.8907760551997594,
        1.8733686987234621,
        1.8760161643125572,
        1.8627270752069902
    ],
    "test_accuracy": [
        25.77922077922078,
        26.655844155844157,
        24.805194805194805,
        26.883116883116884
    ]
}