{
    "trial": [
        35
    ],
    "batch_size": [
        64
    ],
    "optimizer": [
        "Adam"
    ],
    "learning rate": [
        0.048307794928220994
    ],
    "patience": [
        10
    ],
    "weight_decay": [
        0.0012780862104577395
    ],
    "p_hflip": [
        0.9471715893858139
    ],
    "p_crop": [
        0.5733671964051937
    ],
    "momentum": [
        0.9601294818473711
    ],
    "drop_rate": [
        0.28119840280191843,
        0.5054866225132512,
        0.48522673688295537,
        0.4357003300569576
    ],
    "epochs": [
        1
    ],
    "train_loss": [
        1.9374250724718167
    ],
    "val_loss": [
        1.9458365780966622
    ],
    "test_accuracy": [
        16.136363636363637
    ]
}