{
    "trial": [
        3
    ],
    "batch_size": [
        64
    ],
    "optimizer": [
        "RMSprop"
    ],
    "learning rate": [
        0.039473084928399994
    ],
    "patience": [
        10
    ],
    "weight_decay": [
        2.5695101400884955e-06
    ],
    "p_hflip": [
        0.04395703339812351
    ],
    "p_crop": [
        0.17932883857218873
    ],
    "momentum": [
        0.55295996742121
    ],
    "drop_rate": [
        0.10621527046641549,
        0.5836417304578962,
        0.6156319379625893,
        0.14232085817695223
    ],
    "epochs": [
        1,
        2,
        3,
        4,
        5,
        6,
        7,
        8,
        9,
        10,
        11,
        12
    ],
    "train_loss": [
        2.0247721737081354,
        2.0225246361323763,
        2.0236600866565455,
        2.02366392798238,
        2.023660113285114,
        2.0236601095695,
        2.0236601092598656,
        2.023660111427307,
        2.0236601092598656,
        2.0236601074020584,
        2.023660108330962,
        2.0236601101887692
    ],
    "val_loss": [
        2.0206510777376137,
        2.01172251360757,
        2.01172251360757,
        2.01172251360757,
        2.01172251360757,
        2.01172251360757,
        2.01172251360757,
        2.01172251360757,
        2.01172251360757,
        2.01172251360757,
        2.01172251360757,
        2.01172251360757
    ],
    "test_accuracy": [
        15.844155844155845,
        14.253246753246753,
        14.253246753246753,
        14.253246753246753,
        14.253246753246753,
        14.253246753246753,
        14.253246753246753,
        14.253246753246753,
        14.253246753246753,
        14.253246753246753,
        14.253246753246753,
        14.253246753246753
    ]
}