{
    "trial": [
        24
    ],
    "batch_size": [
        64
    ],
    "optimizer": [
        "Adam"
    ],
    "learning rate": [
        0.0031503412744239745
    ],
    "patience": [
        10
    ],
    "weight_decay": [
        5.3057317260352494e-05
    ],
    "p_hflip": [
        0.9595151535237751
    ],
    "p_crop": [
        0.007190227612198927
    ],
    "momentum": [
        0.832197016599668
    ],
    "drop_rate": [
        0.3786144777259448,
        0.5539152056664465,
        0.22923723496384318,
        0.2813894512680396
    ],
    "epochs": [
        1
    ],
    "train_loss": [
        1.9083618198122296
    ],
    "val_loss": [
        1.8822020194968399
    ],
    "test_accuracy": [
        24.707792207792206
    ]
}