{
    "trial": [
        21
    ],
    "batch_size": [
        64
    ],
    "optimizer": [
        "Adam"
    ],
    "learning rate": [
        0.0005429543088799795
    ],
    "patience": [
        10
    ],
    "weight_decay": [
        7.476157390419133e-05
    ],
    "p_hflip": [
        0.7434195931144778
    ],
    "p_crop": [
        0.446614349390359
    ],
    "momentum": [
        0.7201202147481827
    ],
    "drop_rate": [
        0.1716164678091923,
        0.18247917552213958,
        0.6996240626121473,
        0.399408089810455
    ],
    "epochs": [
        1,
        2,
        3,
        4,
        5,
        6,
        7,
        8,
        9
    ],
    "train_loss": [
        1.8958339152398047,
        1.8575250656573803,
        1.847114719972982,
        1.8384967618174368,
        1.8262375788255172,
        1.8209540772747683,
        1.8195410598408093,
        1.8132304027483062,
        1.8088701625923058
    ],
    "val_loss": [
        1.8772399352521312,
        1.859103489895256,
        1.864031297819955,
        1.853184167219668,
        1.8673404163243819,
        1.8268672641442747,
        1.82697809472376,
        1.8404466181385273,
        1.8209783641659483
    ],
    "test_accuracy": [
        26.915584415584416,
        28.181818181818183,
        28.01948051948052,
        27.045454545454547,
        25.357142857142858,
        32.3051948051948,
        32.88961038961039,
        29.415584415584416,
        32.564935064935064
    ]
}