{
    "trial": [
        18
    ],
    "batch_size": [
        64
    ],
    "optimizer": [
        "RMSprop"
    ],
    "learning rate": [
        0.02199790745774547
    ],
    "patience": [
        10
    ],
    "weight_decay": [
        0.000399883090770726
    ],
    "p_hflip": [
        0.393922283346515
    ],
    "p_crop": [
        0.997178796698119
    ],
    "momentum": [
        0.7509254681094392
    ],
    "drop_rate": [
        0.5217445979076434,
        0.6326389808534048,
        0.38152101361467505,
        0.3525597101275417
    ],
    "epochs": [
        1
    ],
    "train_loss": [
        1.9467530201007794
    ],
    "val_loss": [
        1.894755565390295
    ],
    "test_accuracy": [
        22.62987012987013
    ]
}