{
    "trial": [
        40
    ],
    "batch_size": [
        64
    ],
    "optimizer": [
        "SGD"
    ],
    "learning rate": [
        0.0010666461954204401
    ],
    "patience": [
        10
    ],
    "weight_decay": [
        1.7672144094951306e-06
    ],
    "p_hflip": [
        0.9949288649882638
    ],
    "p_crop": [
        0.5086680232941317
    ],
    "momentum": [
        0.6572924932026563
    ],
    "drop_rate": [
        0.5950699257229691,
        0.5207209889451351,
        0.20714775814994252,
        0.4664768132954237
    ],
    "epochs": [
        1
    ],
    "train_loss": [
        1.9543931691677539
    ],
    "val_loss": [
        1.950573561142902
    ],
    "test_accuracy": [
        12.467532467532468
    ]
}