{
    "trial": [
        6
    ],
    "batch_size": [
        64
    ],
    "optimizer": [
        "SGD"
    ],
    "learning rate": [
        0.060418309675189706
    ],
    "patience": [
        10
    ],
    "weight_decay": [
        2.4548110430665443e-06
    ],
    "p_hflip": [
        0.7951164787830202
    ],
    "p_crop": [
        0.010712004983158607
    ],
    "momentum": [
        0.5716045830858736
    ],
    "drop_rate": [
        0.6265364088100664,
        0.6112982708976831,
        0.2100338599604103,
        0.4541979446556439
    ],
    "epochs": [
        1,
        2,
        3,
        4,
        5,
        6,
        7,
        8,
        9,
        10,
        11,
        12,
        13,
        14,
        15,
        16,
        17,
        18,
        19,
        20,
        21,
        22,
        23,
        24,
        25,
        26,
        27,
        28,
        29,
        30,
        31,
        32,
        33,
        34,
        35,
        36,
        37,
        38,
        39,
        40,
        41,
        42,
        43,
        44,
        45,
        46,
        47,
        48
    ],
    "train_loss": [
        1.9076354738953825,
        1.869941810508827,
        1.851705848706233,
        1.8378728464052274,
        1.8240102795811444,
        1.8156128895747197,
        1.8082214813727837,
        1.8037124398466828,
        1.7965633605981801,
        1.7870464903967722,
        1.784387621012601,
        1.7812903122468429,
        1.7723965270178659,
        1.7671617749449495,
        1.7628033291209828,
        1.7537218273460091,
        1.750631341376862,
        1.742370237003673,
        1.7406613312758408,
        1.7323673861367361,
        1.726896669338276,
        1.720272291480721,
        1.7097921064921788,
        1.7066587739176564,
        1.6981250066261786,
        1.696145088951309,
        1.6841057820753618,
        1.6832097394125802,
        1.6748023252982598,
        1.6740759202412197,
        1.6691833756186745,
        1.657603977562545,
        1.6544797714654502,
        1.6449744518701133,
        1.6372971618330323,
        1.635535311389279,
        1.6270161579181621,
        1.62065768768261,
        1.6104462072446748,
        1.6012707521389058,
        1.6040113223063481,
        1.5991782206993599,
        1.5959087390404243,
        1.5843773138987554,
        1.5708765937136364,
        1.5712631820084213,
        1.5639403637353475,
        1.5504722415626824
    ],
    "val_loss": [
        1.8704043286187308,
        1.8570302140956023,
        1.8506742448222882,
        1.8267752053786297,
        1.8202632057423493,
        1.8321820667811803,
        1.840762897413604,
        1.8118021634160255,
        1.8188616013040348,
        1.7981526535384509,
        1.7903074001779362,
        1.791240008509889,
        1.7829918423477484,
        1.8081800159142942,
        1.784439398317921,
        1.795002394792985,
        1.775563823933504,
        1.7687958235643348,
        1.7535248337959757,
        1.760717484415794,
        1.7607397887171532,
        1.7468608520468887,
        1.7452691963740758,
        1.756613782473973,
        1.7417041841818361,
        1.7535603338358354,
        1.7416034961233333,
        1.7464123185800047,
        1.753501337401721,
        1.7504592866313702,
        1.7458227021353585,
        1.741218399028389,
        1.7372486518353831,
        1.7585591904971065,
        1.7525023051670618,
        1.7486011738679847,
        1.7475576595384248,
        1.7347922957673365,
        1.732926648490283,
        1.753237644020392,
        1.7514876711125276,
        1.7450552448934438,
        1.7308146053430986,
        1.7192342013728863,
        1.7542956726891654,
        1.7665640261708473,
        1.75576279357988,
        1.7473397668527098
    ],
    "test_accuracy": [
        26.850649350649352,
        29.415584415584416,
        28.961038961038962,
        31.006493506493506,
        31.103896103896105,
        30.974025974025974,
        30.064935064935064,
        33.18181818181818,
        32.5,
        35.12987012987013,
        35.84415584415584,
        36.26623376623377,
        36.493506493506494,
        33.96103896103896,
        36.94805194805195,
        36.85064935064935,
        38.83116883116883,
        38.83116883116883,
        40.25974025974026,
        38.993506493506494,
        38.214285714285715,
        39.675324675324674,
        40.324675324675326,
        39.02597402597402,
        39.935064935064936,
        39.967532467532465,
        40.1948051948052,
        41.298701298701296,
        39.675324675324674,
        40.746753246753244,
        41.26623376623377,
        42.824675324675326,
        40.58441558441559,
        39.9025974025974,
        41.46103896103896,
        42.01298701298701,
        40.16233766233766,
        42.04545454545455,
        41.493506493506494,
        41.26623376623377,
        40.357142857142854,
        41.006493506493506,
        41.785714285714285,
        42.6948051948052,
        39.70779220779221,
        39.253246753246756,
        40.94155844155844,
        40.616883116883116
    ]
}