{
    "trial": [
        44
    ],
    "batch_size": [
        64
    ],
    "optimizer": [
        "Adam"
    ],
    "learning rate": [
        0.004742010757604825
    ],
    "patience": [
        10
    ],
    "weight_decay": [
        5.1724757169434825e-05
    ],
    "p_hflip": [
        0.8766106632691533
    ],
    "p_crop": [
        0.752265416128142
    ],
    "momentum": [
        0.9720986736667814
    ],
    "drop_rate": [
        0.5576825205426645,
        0.24061415622702814,
        0.40111601073850267,
        0.4207617120561504
    ],
    "epochs": [
        1
    ],
    "train_loss": [
        1.8995225999262426
    ],
    "val_loss": [
        1.9214530258762592
    ],
    "test_accuracy": [
        22.07792207792208
    ]
}